vendor,product,iot,kev,1d,1d_uniq_ip,7d,30d,90d,history,cve,total,last_seen
Cisco,Cisco IOS XE,True,True,4573,169.0,1582,2615,2867,"{'07/08/2026': {'connections': 4573, 'uniq_ips': 169}}",CVE-2023-20198,2291690,2026-08-07 13:18:09.541465
Huawei,Huawei Home Gateway HG532,True,True,2639,925.0,3071,4172,4610,"{'07/08/2026': {'connections': 2639, 'uniq_ips': 925}}",CVE-2017-17215,7837504,2026-08-07 13:18:09.515433
Meta,React Server Components,True,True,2599,19.0,2405,7055,6998,"{'07/08/2026': {'connections': 2599, 'uniq_ips': 19}}",CVE-2025-55182,2851603,2026-08-07 13:18:09.530942
Citrix,Citrix ADC and Citrix Gateway,True,True,2413,19.0,1574,2295,2578,"{'07/08/2026': {'connections': 2413, 'uniq_ips': 19}}",CVE-2023-24488,1254916,2026-08-07 13:18:09.532928
Shenzhen TVT,Shenzhen TVT Digital Technology DVR/NVR/IPC,True,True,2318,6.0,1164,1164,650,{},CVE-2018-25126,4454,2026-07-09 15:26:00.940570
Apache,Struts,True,True,2277,1.0,2277,2277,2277,"{'21/12/2024': {'connections': 2277, 'uniq_ips': 1}}",CVE-2024-53677,2277,2024-12-21 12:39:56.606715
Ivanti,Ivanti EPM,True,True,2191,10.0,734,444,215,"{'07/08/2026': {'connections': 2191, 'uniq_ips': 10}}",CVE-2026-1603,10003,2026-08-07 13:18:09.645149
Check Point,Check Point Security Gateway,True,True,1838,16.0,796,1001,1110,"{'07/08/2026': {'connections': 1838, 'uniq_ips': 16}}",CVE-2024-24919,757655,2026-08-07 13:18:09.534397
Ivanti,Ivanti Secure Connect and Policy Secure,True,True,1664,35.0,630,439,481,"{'07/08/2026': {'connections': 1664, 'uniq_ips': 35}}",CVE-2024-21887,713338,2026-08-07 13:18:09.526330
Atlassian,Confluence,True,True,1278,24.0,554,1148,1659,"{'07/08/2026': {'connections': 1278, 'uniq_ips': 24}}",CVE-2022-26134,13335244,2026-08-07 13:18:09.684936
Synacor,Zimbra Collaboration Suite,True,True,1056,21.0,810,968,841,"{'07/08/2026': {'connections': 1056, 'uniq_ips': 21}}",CVE-2022-37042,1048367,2026-08-07 13:18:09.533254
PHPUnit - Sebastian Bergmann,PHPUnit,True,True,957,178.0,1289,1471,1845,"{'07/08/2026': {'connections': 957, 'uniq_ips': 178}}",CVE-2017-9841,6283356,2026-08-07 13:18:09.541868
LB-LINK,"LB-LINK BL-AC1900_2.0, LB-LINK BL-WR9000, LB-LINK BL-X26, LB-LINK BL-LTE300",True,True,916,1.0,2740,2600,1432,"{'07/08/2026': {'connections': 916, 'uniq_ips': 1}}",CVE-2023-26801,1578356,2026-08-07 13:18:09.692466
Zyxel,nan,True,True,907,1.0,455,257,231,"{'07/08/2026': {'connections': 907, 'uniq_ips': 1}}",CVE-2023-28771,429524,2026-08-07 13:18:09.523214
cPanel,cPanel and WHM,True,True,872,148.0,1710,2487,2950,"{'07/08/2026': {'connections': 872, 'uniq_ips': 148}}",CVE-2026-41940,199806,2026-08-07 13:18:09.549903
n8n,n8n,True,True,863,2.0,530,202,152,"{'07/08/2026': {'connections': 863, 'uniq_ips': 2}}",CVE-2026-21858,3573,2026-08-07 13:18:09.548212
Apache,Apache HTTP Server,True,True,759,144.0,928,1092,1462,"{'07/08/2026': {'connections': 759, 'uniq_ips': 144}}",CVE-2021-42013,547526,2026-08-07 13:18:09.638248
FlowiseAI,Flowise,True,True,671,2.0,292,292,292,"{'07/08/2026': {'connections': 671, 'uniq_ips': 2}}",CVE-2025-71324,671,2026-08-07 13:18:09.528883
SmarterTools,SmarterMail,True,True,659,9.0,457,289,266,"{'07/08/2026': {'connections': 659, 'uniq_ips': 9}}",CVE-2026-23760,1612,2026-08-07 13:18:09.639021
Ivanti,Ivanti CSA,True,True,641,21.0,231,244,311,"{'07/08/2026': {'connections': 641, 'uniq_ips': 21}}",CVE-2024-8963,180157,2026-08-07 13:18:09.693288
Zyxel,Eir D1000,True,True,577,220.0,353,355,313,"{'07/08/2026': {'connections': 577, 'uniq_ips': 220}}",CVE-2016-10372,184879,2026-08-07 13:18:09.662640
Fortinet,"FortiOS, FortiProxy, and FortiSwitchManager",True,True,536,17.0,3622,7427,7063,"{'07/08/2026': {'connections': 536, 'uniq_ips': 17}}",CVE-2022-40684,2104852,2026-08-07 13:18:09.656425
Citrix,Citrix ADC and Citrix Gateway,True,True,498,11.0,73,319,280,"{'07/08/2026': {'connections': 498, 'uniq_ips': 11}}",CVE-2023-4966,374218,2026-08-07 13:18:09.657766
Realtek,Realtek SDK,True,True,493,243.0,578,758,1682,"{'07/08/2026': {'connections': 493, 'uniq_ips': 243}}",CVE-2014-8361,959666,2026-08-07 13:18:09.522203
Metabase,Metabase,True,True,464,135.0,577,580,531,"{'07/08/2026': {'connections': 464, 'uniq_ips': 135}}",CVE-2023-38646,423228,2026-08-07 13:18:09.526506
Cisco,Cisco ASA and Cisco Firepower Threat Defense,True,True,455,2.0,640,305,207,"{'07/08/2026': {'connections': 455, 'uniq_ips': 2}}",CVE-2020-3452,91159,2026-08-07 13:18:09.544092
Pulse Secure,Pulse Secure VPN,True,True,448,22.0,351,442,476,"{'07/08/2026': {'connections': 448, 'uniq_ips': 22}}",CVE-2019-11510,297158,2026-08-07 13:18:09.654659
GitLab,GitLab CE/EE,True,True,423,2.0,218,218,218,"{'07/08/2026': {'connections': 423, 'uniq_ips': 2}}",CVE-2023-2825,423,2026-08-07 13:18:09.524825
Atlassian,Confluence,True,True,406,2.0,238,99,74,"{'07/08/2026': {'connections': 406, 'uniq_ips': 2}}",CVE-2019-3396,124877,2026-08-07 13:18:09.514611
Anyscale,Ray,True,True,399,1.0,216,269,141,"{'07/08/2026': {'connections': 399, 'uniq_ips': 1}}",CVE-2023-48022,18182,2026-08-07 13:18:09.694435
Apache,Log4j,True,True,395,44.0,334,521,752,"{'07/08/2026': {'connections': 395, 'uniq_ips': 44}}",CVE-2021-44228,2408146,2026-08-07 13:18:09.501672
Spring,Spring Framework,True,True,392,4.0,217,81,70,"{'07/08/2026': {'connections': 392, 'uniq_ips': 4}}",CVE-2022-22965,45254,2026-08-07 13:18:09.836318
ownCloud,ownCloud,True,True,370,2.0,220,87,79,"{'07/08/2026': {'connections': 370, 'uniq_ips': 2}}",CVE-2023-49103,200636,2026-08-07 13:18:09.836154
Microsoft,Exchange,True,True,360,301.0,353,439,491,"{'07/08/2026': {'connections': 360, 'uniq_ips': 301}}",CVE-2022-41082,203675,2026-08-07 13:18:09.533091
Palo Alto Networks,PAN-OS,True,True,354,1.0,354,76,125,"{'07/08/2026': {'connections': 354, 'uniq_ips': 1}}",CVE-2024-9474,108248,2026-08-07 13:18:09.839743
JetBrains,TeamCity,True,True,347,2.0,248,208,207,"{'07/08/2026': {'connections': 347, 'uniq_ips': 2}}",CVE-2024-27198,648632,2026-08-07 13:18:09.662992
Totolink,Totolink N150RT,True,True,315,1.0,315,315,315,"{'20/10/2025': {'connections': 315, 'uniq_ips': 1}}",CVE-2025-3987,315,2025-10-20 12:54:08.035732
Spring,Spring Cloud Function,True,True,312,2.0,223,124,66,"{'07/08/2026': {'connections': 312, 'uniq_ips': 2}}",CVE-2022-22963,2791,2026-08-07 13:18:09.687452
MinIO,MinIO,True,True,271,2.0,170,56,44,"{'07/08/2026': {'connections': 271, 'uniq_ips': 2}}",CVE-2023-28432,20752,2026-08-07 13:18:09.503939
Wordpress,Wordpress POST SMTP Mailer plugin,True,True,266,3.0,146,70,57,"{'07/08/2026': {'connections': 266, 'uniq_ips': 3}}",CVE-2023-6875,2370,2026-08-07 13:18:09.432319
Cockpit-HQ,Cockpit CMS,True,True,260,2.0,167,167,167,"{'07/08/2026': {'connections': 260, 'uniq_ips': 2}}",CVE-2026-38992,260,2026-08-07 13:18:09.546067
LiteLLM,LiteLLM,True,True,259,216.0,277,372,359,"{'07/08/2026': {'connections': 259, 'uniq_ips': 216}}",CVE-2026-42271,2885,2026-08-07 13:18:09.651666
AirLink101,AirLink101 SkyIPCam1620W,True,True,253,1.0,253,253,253,"{'20/10/2025': {'connections': 253, 'uniq_ips': 1}}",CVE-2015-2280,253,2025-10-20 12:54:07.947659
Ignite Realtime,Openfire,True,True,250,1.0,250,250,250,{},CVE-2023-32315,2664,2025-12-30 02:10:47.273054
Citrix,Citrix NetScaler,True,True,235,30.0,211,357,1917,"{'07/08/2026': {'connections': 235, 'uniq_ips': 30}}",CVE-2025-5777,703435,2026-08-07 13:18:09.508663
Tenda,Tenda G103,True,True,232,1.0,232,232,232,"{'20/10/2025': {'connections': 232, 'uniq_ips': 1}}",CVE-2023-27076,232,2025-10-20 12:54:08.070101
Netgear,Netgear DGN1000,True,True,231,228.0,280,269,270,"{'07/08/2026': {'connections': 231, 'uniq_ips': 228}}",CVE-2024-12847,20810,2026-08-07 13:18:09.643060
SugarCRM,SugarCRM,True,True,216,3.0,192,73,287,"{'07/08/2026': {'connections': 216, 'uniq_ips': 3}}",CVE-2025-25034,51938,2026-08-07 13:18:09.635146
Dasan,Dasan GPON Home Router,True,True,200,187.0,368,384,675,"{'07/08/2026': {'connections': 200, 'uniq_ips': 187}}",CVE-2018-10562,362475,2026-08-07 13:18:09.547408
SmarterTools,SmarterMail,True,True,198,4.0,203,115,88,"{'07/08/2026': {'connections': 198, 'uniq_ips': 4}}",CVE-2026-24423,526,2026-08-07 13:18:09.526166
Microsoft,Exchange,True,True,197,2.0,90,128,100,{},CVE-2021-34473,68271,2026-08-02 13:43:04.559829
Ivanti,"Endpoint Manager Mobile (EPMM), formerly MobileIron Core",True,True,194,18.0,86,108,215,"{'07/08/2026': {'connections': 194, 'uniq_ips': 18}}",CVE-2023-35081,114056,2026-08-07 13:18:09.616162
ASUS,GT-AC2900,True,True,190,2.0,206,238,288,"{'07/08/2026': {'connections': 190, 'uniq_ips': 2}}",CVE-2021-32030,713738,2026-08-07 13:18:09.834804
Atlassian,Confluence,True,True,179,78.0,50,174,301,"{'07/08/2026': {'connections': 179, 'uniq_ips': 78}}",CVE-2023-22527,355685,2026-08-07 13:18:09.621616
Wordpress,Wordpress Secure Copy Content Protection and Content Locking plugin,True,True,168,2.0,43,78,75,{},CVE-2021-24931,90115,2026-07-31 03:36:34.296259
Microsoft,Windows Server Update Service,True,True,151,3.0,103,51,37,"{'07/08/2026': {'connections': 151, 'uniq_ips': 3}}",CVE-2025-59287,6453,2026-08-07 13:18:09.659839
Geoserver,Geoserver,True,True,142,2.0,842,1853,1005,"{'07/08/2026': {'connections': 142, 'uniq_ips': 2}}",CVE-2024-36401,1029127,2026-08-07 13:18:09.665027
Shanghai Fanwei Network Technology,Panwei e-cology,True,True,136,1.0,39,23,28,{},CVE-2025-34038,2074,2026-07-31 03:36:34.283736
D-Link,"D-Link DIR-645, DAP-1522 revB, DAP-1650 revB, DIR-880L, DIR-865L, DIR-860L revA, DIR-860L revB DIR-815 revB, DIR-300 revB, DIR-600 revB, DIR-645, TEW-751DR, TEW-733GR",True,True,131,119.0,192,244,188,"{'07/08/2026': {'connections': 131, 'uniq_ips': 119}}",CVE-2015-2051,114964,2026-08-07 13:18:09.617822
Shenzhen TVT,CCTV-DVR (rebranded by multiple vendors),True,True,131,131.0,136,142,155,"{'07/08/2026': {'connections': 131, 'uniq_ips': 131}}",CVE-2025-34036,10477,2026-08-07 13:18:09.653167
Linksys,Linksys E-Series,True,True,127,11.0,147,759,426,"{'07/08/2026': {'connections': 127, 'uniq_ips': 11}}",CVE-2025-34037,15645,2026-08-07 13:18:09.651424
Jenkins,Jenkins,True,True,111,2.0,111,111,116,"{'07/08/2026': {'connections': 111, 'uniq_ips': 2}}",CVE-2018-1000861,2086,2026-08-07 13:18:09.669175
Vacron,Network Video Recorder (NVR),True,True,106,104.0,97,90,91,{},CVE-2025-34043,4772,2026-08-02 13:43:04.493451
GeoServer,GeoServer,True,True,106,2.0,56,34,19,{},CVE-2021-40822,19126,2026-07-31 03:36:34.176097
TBK,TBK DVR-4104/DVR-4216,True,True,105,4.0,195,181,183,"{'07/08/2026': {'connections': 105, 'uniq_ips': 4}}",CVE-2024-3721,332869,2026-08-07 13:18:09.506558
Ivanti,"Endpoint Manager Mobile (EPMM), formerly MobileIron Core",True,True,102,18.0,45,321,626,"{'07/08/2026': {'connections': 102, 'uniq_ips': 18}}",CVE-2023-35078,470696,2026-08-07 13:18:09.662105
5VTechnologies,Blue Angel Software Suite,True,True,100,1.0,118,179,179,"{'28/06/2026': {'connections': 100, 'uniq_ips': 1}}",CVE-2025-34033,536,2026-06-28 14:04:33.246609
Belkin,Wemo,True,True,97,91.0,356,415,416,"{'07/08/2026': {'connections': 97, 'uniq_ips': 91}}",CVE-2019-12780,372345,2026-08-07 13:18:09.533419
Zyxel/Billion,"ZyXEL P660HN-T1A v1, ZyXEL P660HN-T1A v2, Billion 5200W-T",True,True,95,12.0,155,234,195,"{'07/08/2026': {'connections': 95, 'uniq_ips': 12}}",CVE-2017-18368,351818,2026-08-07 13:18:09.543288
QNAP,QNAP Music Station,True,True,91,3.0,32,13,14,{},CVE-2023-45038,18054,2026-07-23 14:21:36.738057
Teltonika,Teltonika RUT9XX series,True,True,90,2.0,98,85,52,"{'07/08/2026': {'connections': 90, 'uniq_ips': 2}}",CVE-2018-17532,18055,2026-08-07 13:18:09.432057
Oracle,Oracle E-Business Suite,True,True,89,1.0,29,13,16,{},CVE-2016-0457,22832,2026-07-31 03:36:34.372178
Progress,MOVEit Transfer,True,True,83,1.0,83,83,83,"{'24/10/2025': {'connections': 83, 'uniq_ips': 1}}",CVE-2024-5806,1012,2025-10-24 12:54:46.674460
Progress,Citrix ShareFile StorageZones (aka storage zones) Controller,True,True,83,7.0,30,48,48,"{'07/08/2026': {'connections': 83, 'uniq_ips': 7}}",CVE-2026-2699,243,2026-08-07 13:18:09.531275
TBK,DVR4104/DVR4216 and multiple re-branded versions,True,True,81,1.0,21,11,18,"{'21/07/2026': {'connections': 81, 'uniq_ips': 1}}",CVE-2018-9995,94270,2026-07-21 14:08:51.220893
D-Link,D-Link DIR-816/DIR-816A2,True,True,81,1.0,81,81,81,"{'10/10/2024': {'connections': 81, 'uniq_ips': 1}}",CVE-2021-39509,81,2024-10-10 12:43:46.553857
Cisco,Cisco IOS,True,True,78,2.0,60,53,50,{},CVE-2001-0537,73011,2026-08-02 13:43:04.631675
Atlassian,Atlassian OAuth Plugin,True,True,77,1.0,35,19,17,{},CVE-2017-9506,569,2026-07-31 03:36:34.222236
APsystems,Altenergy Power Control Software,True,True,77,2.0,77,17,9,{},CVE-2024-11305,11752,2026-07-23 14:21:36.611469
Ubiquiti,Ubiquiti UniFi,True,True,73,1.0,99,75,75,"{'07/08/2026': {'connections': 73, 'uniq_ips': 1}}",CVE-2026-34910,645,2026-08-07 13:18:09.497985
CrushFTP,CrushFTP,True,True,71,2.0,38,1890,3153,"{'07/08/2026': {'connections': 71, 'uniq_ips': 2}}",CVE-2025-2825,407488,2026-08-07 13:18:09.428158
Fortinet,FortiOS,True,True,71,5.0,2156,4560,5828,"{'07/08/2026': {'connections': 71, 'uniq_ips': 5}}",CVE-2018-13379,2730061,2026-08-07 13:18:09.540926
Netgear,NETGEAR R/D Series Routers,True,True,71,69.0,86,91,91,"{'07/08/2026': {'connections': 71, 'uniq_ips': 69}}",CVE-2016-6277,23367,2026-08-07 13:18:09.647177
Karel,Karel IP Phone IP1211,True,True,71,1.0,30,14,27,{},CVE-2025-34023,1393,2026-07-31 03:36:34.330278
Drupal,Drupal avatar_uploader,True,True,66,2.0,19,14,16,{},CVE-2018-9205,5354,2026-07-23 14:21:36.787019
Cisco,Cisco RV320/RV325,True,True,65,51.0,55,60,107,"{'07/08/2026': {'connections': 65, 'uniq_ips': 51}}",CVE-2019-1653,33555,2026-08-07 13:18:09.516347
RudderStack,Rudder Server,True,True,64,2.0,20,14,19,{},CVE-2023-30625,8710,2026-07-23 14:21:36.784117
Byzoro,Byzoro Smart S85F Management Platform,True,True,56,1.0,56,56,56,{},CVE-2023-5683,56,2025-07-23 02:21:28.153396
Tongda,Tongda OA,True,True,55,1.0,55,55,55,{},CVE-2023-5285,55,2025-07-23 02:21:28.089562
PrestaShop,Posthemes - Static Footer module for PrestaShop,True,True,55,1.0,55,55,55,{},CVE-2023-30194,55,2025-07-23 02:21:28.198357
Hikvision,Hikvision Web Server,True,True,53,5.0,26,32,798,"{'07/08/2026': {'connections': 53, 'uniq_ips': 5}}",CVE-2021-36260,326249,2026-08-07 13:18:09.629934
TRENDnet,TRENDnet TEW-652BRP,True,True,51,1.0,51,51,51,"{'13/10/2024': {'connections': 51, 'uniq_ips': 1}}",CVE-2023-0611,51,2024-10-13 12:40:14.968297
Atlassian,Confluence,True,True,50,5.0,115,215,219,"{'07/08/2026': {'connections': 50, 'uniq_ips': 5}}",CVE-2021-26084,1857561,2026-08-07 13:18:09.680288
Alkacon,OpenCms,True,True,49,2.0,16,32,25,{},CVE-2023-42344,10994,2026-07-23 14:21:36.796690
Wordpress,Wordpress Google XML Sitemap Generator plugin,True,True,49,3.0,26,12,15,{},CVE-2022-0346,12048,2026-07-23 14:21:36.734319
Selea,Targa IP OCR-ANPR Camera,True,True,48,2.0,15,9,9,{},CVE-2025-34021,198,2026-06-27 13:58:24.111694
Jenkins,Jenkins,True,True,46,6.0,20,220,139,"{'07/08/2026': {'connections': 46, 'uniq_ips': 6}}",CVE-2024-23897,6167,2026-08-07 13:18:09.529013
Wordpress,Wordpress Adning Advertising plugin,True,True,46,3.0,25,13,14,{},CVE-2020-36728,682,2026-07-23 14:21:36.781979
ASUS,ASUSWRT,True,True,44,1.0,44,44,44,"{'16/05/2025': {'connections': 44, 'uniq_ips': 1}}",CVE-2018-20334,95,2025-05-16 12:51:53.679090
Terramaster,TOS,True,True,43,1.0,43,43,43,{},CVE-2018-13350,43,2025-07-23 02:21:28.216865
Selea,Selea Targa IP OCR-ANPR Camera,True,True,43,2.0,18,14,11,{},CVE-2025-34022,196,2026-07-23 14:21:36.594839
Atlassian,JIRA,True,True,41,2.0,17,12,15,{},CVE-2019-8446,26176,2026-07-23 14:21:36.659223
Wifi-soft,Wifi-soft Unibox,True,True,41,1.0,41,41,41,{},CVE-2019-3495,41,2025-07-23 02:21:28.254409
Hongdian,Hongdian H8922,True,True,41,3.0,15,12,14,{},CVE-2021-28149,22147,2026-07-23 14:21:36.708004
VMware,vRealize Operations Manager API,True,True,41,1.0,11,14,19,"{'21/07/2026': {'connections': 41, 'uniq_ips': 1}}",CVE-2021-21975,32009,2026-07-21 14:08:51.264901
Draytek,"Draytek Vigor3900, Vigor2960, Vigor300B",True,True,41,1.0,41,41,41,"{'13/10/2024': {'connections': 41, 'uniq_ips': 1}}",CVE-2020-10826,41,2024-10-13 12:40:14.988179
Totolink,Totolink N600R,True,True,40,1.0,40,40,40,{},CVE-2022-28908,40,2025-07-23 02:21:28.105047
SonicWall,SonicWall Secure Remote Access,True,True,40,1.0,13,8,15,{},CVE-2021-20028,5516,2026-07-31 03:36:34.159428
Shenzhen Sixun Software,Sixun Shanghui 7 Group Business Management System 7,True,True,40,1.0,40,40,40,{},CVE-2025-4281,40,2025-07-23 02:21:28.193212
Totolink,Totolink A810R,True,True,38,1.0,38,38,38,{},CVE-2025-28137,38,2025-07-23 02:21:28.133222
Request Baskets,Request Baskets,True,True,37,3.0,20,12,14,{},CVE-2023-27163,803,2026-07-23 14:21:36.697142
Tenda,Tenda AC7/AC9/AC10,True,True,36,2.0,44,597,272,"{'07/08/2026': {'connections': 36, 'uniq_ips': 2}}",CVE-2018-14558,11056,2026-08-07 13:18:09.841079
kw199711,smanga,True,True,36,1.0,36,36,36,{},CVE-2024-34193,36,2025-07-23 02:21:28.158616
Netentsec,NS-ASG Application Security Gateway,True,True,35,2.0,19,10,9,{},CVE-2024-2330,3384,2026-07-23 14:21:36.723498
Jenkins,Jenkins,True,True,33,2.0,18,25,17,{},CVE-2025-59474,594,2026-07-23 14:21:36.799484
Atlassian,Confluence,True,True,32,2.0,23,377,341,"{'07/08/2026': {'connections': 32, 'uniq_ips': 2}}",CVE-2023-22515,1126344,2026-08-07 13:18:09.511940
Wordpress,Wordpress EventON plugin,True,True,31,1.0,31,14,9,{},CVE-2024-0235,759,2026-07-23 14:21:36.689417
ConnectWise,ScreenConnect,True,True,31,5.0,53,1241,1288,"{'07/08/2026': {'connections': 31, 'uniq_ips': 5}}",CVE-2024-1709,209436,2026-08-07 13:18:09.547823
Langflow,Langflow,True,True,31,4.0,242,461,251,"{'07/08/2026': {'connections': 31, 'uniq_ips': 4}}",CVE-2025-3248,32439,2026-08-07 13:18:09.676915
Wordpress,Wordpress Ditty plugin,True,True,31,2.0,20,8,13,{},CVE-2025-8085,684,2026-07-23 14:21:36.675264
Linksys,Linksys E Series,True,True,30,1.0,20,10,317,"{'07/08/2026': {'connections': 30, 'uniq_ips': 1}}",CVE-2013-2678,46758,2026-08-07 13:18:09.545402
Cisco,Cisco Finesse,True,True,30,1.0,17,7,7,{},CVE-2024-20404,165,2026-07-23 14:21:36.655228
WSO2,WSO2 multiple products,True,True,29,1.0,29,6,5,{},CVE-2025-5605,114,2026-07-23 14:21:36.714989
Citrix,Citrix NetScaler ADC and NetScaler Gateway,True,True,26,4.0,106,387,994,"{'07/08/2026': {'connections': 26, 'uniq_ips': 4}}",CVE-2026-3055,84822,2026-08-07 13:18:09.431791
ttimot24,HorizontCMS,True,True,24,1.0,24,24,24,"{'14/07/2025': {'connections': 24, 'uniq_ips': 1}}",CVE-2020-27387,24,2025-07-14 12:56:16.340971
MobileIron,MobileIron Mobile Device Management (MDM),True,True,23,1.0,9,34,91,"{'07/08/2026': {'connections': 23, 'uniq_ips': 1}}",CVE-2020-15505,107440,2026-08-07 13:18:09.551831
Apache,OFBiz,True,True,21,2.0,17,31,39,"{'07/08/2026': {'connections': 21, 'uniq_ips': 2}}",CVE-2021-26295,89225,2026-08-07 13:18:09.842560
Citrix,Citrix StoreFront,True,True,20,1.0,12,9,11,{},CVE-2023-5914,21563,2026-07-23 14:21:36.726156
Telerik,Telerik,True,True,20,1.0,20,11,5,{},CVE-2019-18935,17088,2026-07-14 03:14:37.579743
SearchBlox,SearchBlox,True,True,19,1.0,9,8,16,{},CVE-2020-35580,5484,2026-07-23 14:21:36.799075
Unit4,Unit4 Financials by Coda,True,True,18,1.0,11,9,9,{},CVE-2024-28734,8032,2026-07-23 14:21:36.652874
GitLab,GitLab CE/EE,True,True,18,1.0,18,18,18,{},CVE-2021-22205,680,2026-07-15 03:13:36.275747
Apache,Druid,True,True,18,1.0,58,39,43,{},CVE-2021-25646,63563,2026-08-02 13:43:04.650478
Ivanti,Ivanti Secure Connect and Policy Secure,True,True,17,2.0,362,584,298,"{'07/08/2026': {'connections': 17, 'uniq_ips': 2}}",CVE-2023-46805,56429,2026-08-07 13:18:09.533745
BigAnt Software,BigAnt Server,True,True,17,1.0,7,7,15,{},CVE-2022-23347,5842,2026-07-23 14:21:36.771465
Metabase,Metabase,True,True,16,1.0,56,175,87,"{'07/08/2026': {'connections': 16, 'uniq_ips': 1}}",CVE-2021-41277,35386,2026-08-07 13:18:09.674521
SonicWall,SonicWall GMS and Analytics,True,True,16,4.0,13,29,46,"{'07/08/2026': {'connections': 16, 'uniq_ips': 4}}",CVE-2023-34133,17092,2026-08-07 13:18:09.625679
Atlassian,JIRA,True,True,16,1.0,55,172,87,"{'07/08/2026': {'connections': 16, 'uniq_ips': 1}}",CVE-2021-26086,21467,2026-08-07 13:18:09.671170
Palo Alto Networks,PAN-OS,True,True,15,1.0,321,255,343,"{'07/08/2026': {'connections': 15, 'uniq_ips': 1}}",CVE-2025-0108,241921,2026-08-07 13:18:09.549639
Sonlogger,Sonlogger,True,True,15,2.0,55,52,51,"{'07/08/2026': {'connections': 15, 'uniq_ips': 2}}",CVE-2021-27964,35136,2026-08-07 13:18:09.432736
Wordpress,Wordpress Update Backup Restore & Monitoring plugin,True,True,15,5.0,15,15,15,"{'18/03/2025': {'connections': 15, 'uniq_ips': 5}}",CVE-2024-12209,15,2025-03-18 12:49:07.855121
Synacor,Zimbra Collaboration Suite,True,True,14,3.0,26,16,27,"{'07/08/2026': {'connections': 14, 'uniq_ips': 3}}",CVE-2013-7091,69793,2026-08-07 13:18:09.666818
Oracle,Oracle Weblogic Server,True,True,14,2.0,61,24,34,{},CVE-2020-14882,46625,2026-08-02 13:43:04.529481
PHP Foundation,PHP (PHP-CGI),True,True,14,2.0,13,7,8,"{'01/08/2026': {'connections': 14, 'uniq_ips': 2}}",CVE-2024-4577,243578,2026-07-31 03:36:34.312085
Tenda,Tenda G1 and G3,True,True,13,1.0,13,13,13,"{'09/06/2025': {'connections': 13, 'uniq_ips': 1}}",CVE-2021-27692,13,2025-06-09 12:53:37.709067
Cisco,HyperFlex HX,True,True,13,2.0,6,22,21,"{'07/08/2026': {'connections': 13, 'uniq_ips': 2}}",CVE-2021-1497,48523,2026-08-07 13:18:09.437717
SAS Institute,SAS/IntrNet,True,True,13,1.0,6,7,16,{},CVE-2021-41569,4703,2026-07-23 14:21:36.727882
Wordpress,Wordpress The True Ranker plugin,True,True,12,1.0,8,10,18,{},CVE-2021-39312,3809,2026-07-31 03:36:34.187107
Embedthis,GoAhead,True,True,12,1.0,12,12,12,"{'13/03/2025': {'connections': 12, 'uniq_ips': 1}}",CVE-2017-17562,12,2025-03-13 12:48:14.311821
Canon,Canon devices (various),True,True,12,1.0,8,10,24,{},CVE-2021-38154,905,2026-07-31 03:36:34.178198
vBulletin,vBulletin,True,True,12,3.0,96,81,80,{},CVE-2020-17496,138653,2026-08-02 13:43:04.567952
Totolink,A3002RU,True,True,12,1.0,5,5,5,"{'07/06/2026': {'connections': 12, 'uniq_ips': 1}}",CVE-2018-13315,20023,2026-06-07 14:09:47.743805
D-Link,D-Link DIR-823X,True,True,12,1.0,12,12,12,{},CVE-2026-1125,12,2026-07-04 03:48:57.276810
Carel,Carel pCOWeb,True,True,11,1.0,11,11,16,{},CVE-2019-11370,40040,2026-07-31 03:36:34.160622
Razer,Razer Sila,True,True,11,1.0,8,10,18,{},CVE-2022-29014,11279,2026-07-31 03:36:34.257280
Draytek,Draytek Vigor2960 and Vigor300B,True,True,10,1.0,6,8,8,"{'16/06/2026': {'connections': 10, 'uniq_ips': 1}}",CVE-2024-12987,122,2026-06-16 17:10:02.830660
Progress,MOVEit Transfer,True,True,10,1.0,10,10,10,{},CVE-2023-34362,20,2026-07-06 04:14:06.388164
Fortinet,FortiClientEMS,True,True,10,2.0,16,13,21,{},CVE-2026-21643,1339,2026-08-02 13:43:04.572260
Apache,CouchDB,True,True,10,2.0,71,33,28,{},CVE-2017-12635,55248,2026-08-02 13:43:04.515492
Mitel,MiCollab,True,True,10,3.0,14,30,38,"{'07/08/2026': {'connections': 10, 'uniq_ips': 3}}",CVE-2024-41713,28060,2026-08-07 13:18:09.643472
QCubed,QCubed,True,True,10,1.0,12,15,21,{},CVE-2020-24914,96651,2026-07-31 03:36:34.225603
Kramer,VIAware,True,True,10,2.0,11,27,38,"{'07/08/2026': {'connections': 10, 'uniq_ips': 2}}",CVE-2021-36356,27303,2026-08-07 13:18:09.652164
FOG Project,FOG,True,True,9,1.0,62,28,20,{},CVE-2024-39914,14678,2026-08-02 13:43:04.516681
vBulletin,vBulletin,True,True,9,1.0,63,24,23,{},CVE-2020-12720,32782,2026-08-02 13:43:04.577214
MLflow,MLflow,True,True,9,1.0,14,32,49,"{'07/08/2026': {'connections': 9, 'uniq_ips': 1}}",CVE-2023-1177,31129,2026-08-07 13:18:09.528379
Oracle,Oracle Weblogic Server,True,True,9,1.0,54,22,26,{},CVE-2018-2894,58735,2026-08-02 13:43:04.507911
Rclone,Rclone,True,True,9,1.0,23,18,23,{},CVE-2026-41176,622,2026-08-02 13:43:04.494927
FatPipe,FatPipe WARP/IPVPN/MPVPN,True,True,9,3.0,9,19,22,"{'07/08/2026': {'connections': 9, 'uniq_ips': 3}}",CVE-2021-27855,10434,2026-08-07 13:18:09.679168
ZoneMinder,ZoneMinder,True,True,9,1.0,23,12,15,{},CVE-2024-43360,3659,2026-08-02 13:43:04.567317
Apache,Flink,True,True,9,1.0,10,12,25,{},CVE-2020-17518,47921,2026-08-02 13:43:04.627572
Apache,Airflow,True,True,9,1.0,8,13,24,{},CVE-2020-11978,63142,2026-08-02 13:43:04.619349
Wordpress,Wordpress ProfilePress plugin,True,True,9,1.0,36,19,25,{},CVE-2021-34624,19441,2026-08-02 13:43:04.515256
Apache,Apache HTTP Server,True,True,9,3.0,9,27,23,"{'07/08/2026': {'connections': 9, 'uniq_ips': 3}}",CVE-2024-38475,4154,2026-08-07 13:18:09.432192
Apache,ShenYu,True,True,9,1.0,37,20,21,{},CVE-2021-37580,18339,2026-08-02 13:43:04.628463
MLflow,MLflow,True,True,9,1.0,27,29,67,{},CVE-2023-6909,2990,2026-08-02 13:43:04.618572
Wordpress,Wordpress File Upload plugin,True,True,9,1.0,30,16,16,{},CVE-2024-9047,4492,2026-08-02 13:43:04.570085
OpenMetadata,OpenMetadata,True,True,9,1.0,87,27,21,{},CVE-2024-28255,38594,2026-08-02 13:43:04.556424
Ericsson,CodeChecker,True,True,9,1.0,17,11,14,{},CVE-2024-10081,11345,2026-08-02 13:43:04.658825
Wordpress,Wordpress Automatic plugin,True,True,9,1.0,23,15,16,{},CVE-2024-27956,8297,2026-08-02 13:43:04.562036
Adones Pitogo,angular-base64-upload,True,True,9,1.0,57,24,21,{},CVE-2024-42640,15793,2026-08-02 13:43:04.529038
Microsoft,Exchange,True,True,9,3.0,153,255,252,"{'07/08/2026': {'connections': 9, 'uniq_ips': 3}}",CVE-2021-26855,230615,2026-08-07 13:18:09.842057
jQueryFileTree,jQueryFileTree,True,True,9,1.0,38,19,25,{},CVE-2017-1000170,32235,2026-08-02 13:43:04.555571
Adobe,ColdFusion,True,True,9,1.0,10,29,21,"{'01/08/2026': {'connections': 9, 'uniq_ips': 1}}",CVE-2024-20767,9672,2026-07-08 03:29:58.765127
Wordpress,Wordpress HTML5 Video Player plugin,True,True,9,1.0,22,13,15,{},CVE-2024-1061,12144,2026-08-02 13:43:04.520314
Wordpress,Wordpress Keydatas plugin,True,True,9,1.0,49,27,26,{},CVE-2024-6220,1149,2026-08-02 13:43:04.558763
Apache,Flink,True,True,9,1.0,12,18,31,{},CVE-2020-17519,57003,2026-08-02 13:43:04.634781
Zyxel,Zyxel NAS326,True,True,9,1.0,77,26,20,{},CVE-2024-29973,18509,2026-08-02 13:43:04.522826
SolarWinds,SolarWinds Serv-U,True,True,9,7.0,10,319,200,{},CVE-2024-28995,261998,2026-07-31 03:36:34.318436
Wordpress,Wordpress Image Hover Effects Ultimate plugin,True,True,9,1.0,36,18,20,{},CVE-2021-36888,601,2026-08-02 13:43:04.554720
Ivanti,Ivanti EPM,True,True,9,1.0,65,21,30,{},CVE-2024-29824,148191,2026-08-02 13:43:04.636374
F5,BIG-IP,True,True,9,2.0,15,29,55,"{'07/08/2026': {'connections': 9, 'uniq_ips': 2}}",CVE-2022-1388,77427,2026-08-07 13:18:09.510356
Apache,Unomi,True,True,9,1.0,100,40,37,{},CVE-2020-13942,43753,2026-08-02 13:43:04.519874
HPE,HPE Edgeline Infrastructure Manager,True,True,8,2.0,10,20,26,"{'07/08/2026': {'connections': 8, 'uniq_ips': 2}}",CVE-2021-29203,24984,2026-08-07 13:18:09.843101
FiberHome,FiberHome ONU GPON AN550,True,True,8,1.0,8,8,8,"{'21/12/2024': {'connections': 8, 'uniq_ips': 1}}",CVE-2021-42912,8,2024-12-21 12:39:56.527574
skittles,Simple Employee Records System 1.0,True,True,8,2.0,6,29,37,"{'07/08/2026': {'connections': 8, 'uniq_ips': 2}}",CVE-2021-4462,2449,2026-08-07 13:18:09.643230
Apache,Tapestry,True,True,8,1.0,42,22,28,"{'06/08/2026': {'connections': 8, 'uniq_ips': 2}, '07/08/2026': {'connections': 8, 'uniq_ips': 2}}",CVE-2021-27850,33751,2026-08-02 13:43:04.566318
Dahua,Dahua (multiple products),True,True,8,2.0,10,18,21,"{'07/08/2026': {'connections': 8, 'uniq_ips': 2}}",CVE-2021-33044,17494,2026-08-07 13:18:09.640218
Wordpress,Wordpress Automatic Plugin for WordPress,True,True,8,2.0,8,18,24,"{'07/08/2026': {'connections': 8, 'uniq_ips': 2}}",CVE-2021-4374,747,2026-08-07 13:18:09.673190
Zoho,ManageEngine Desktop Central,True,True,8,2.0,5,18,21,"{'07/08/2026': {'connections': 8, 'uniq_ips': 2}}",CVE-2021-44515,665,2026-08-07 13:18:09.427118
D-Link,"DIR-810L, DIR-820L/LW, DIR-826L, DIR-830L, DIR-836L",True,True,8,2.0,5,38,68,"{'07/08/2026': {'connections': 8, 'uniq_ips': 2}}",CVE-2021-45382,74960,2026-08-07 13:18:09.838003
Lumis,LumisXP,True,True,8,2.0,5,21,23,"{'07/08/2026': {'connections': 8, 'uniq_ips': 2}}",CVE-2021-27931,27315,2026-08-07 13:18:09.680149
Kaseya,VSA,True,True,8,2.0,11,21,22,"{'07/08/2026': {'connections': 8, 'uniq_ips': 2}}",CVE-2021-30118,3925,2026-08-07 13:18:09.690522
Sunhillo,Sureline,True,True,8,2.0,5,35,65,"{'07/08/2026': {'connections': 8, 'uniq_ips': 2}}",CVE-2021-36380,75503,2026-08-07 13:18:09.830526
Zoho,ManageEngine ADSelfService Plus,True,True,8,2.0,9,28,39,"{'07/08/2026': {'connections': 8, 'uniq_ips': 2}}",CVE-2021-40539,80253,2026-08-07 13:18:09.844751
RosarioSIS,RosarioSIS,True,True,8,2.0,8,20,22,"{'07/08/2026': {'connections': 8, 'uniq_ips': 2}}",CVE-2021-44427,12401,2026-08-07 13:18:09.529804
Realtek,Realtek SDK,True,True,8,2.0,5,36,67,"{'07/08/2026': {'connections': 8, 'uniq_ips': 2}}",CVE-2021-35395,74567,2026-08-07 13:18:09.673537
Apache,HugeGraph,True,True,8,1.0,83,30,22,{},CVE-2024-27348,8495,2026-08-02 13:43:04.523101
Tenda,Tenda AC11,True,True,8,2.0,5,36,67,"{'07/08/2026': {'connections': 8, 'uniq_ips': 2}}",CVE-2021-31755,81988,2026-08-07 13:18:09.510863
SAP,NetWeaver Development Infrastructure,True,True,8,2.0,5,21,23,"{'07/08/2026': {'connections': 8, 'uniq_ips': 2}}",CVE-2021-33690,17065,2026-08-07 13:18:09.429385
Aviatrix,Aviatrix Controller,True,True,8,2.0,10,22,25,"{'07/08/2026': {'connections': 8, 'uniq_ips': 2}}",CVE-2021-40870,24006,2026-08-07 13:18:09.500998
Wordpress,"Wordpress Poll, Survey, Questionnaire and Voting system plugin",True,True,8,1.0,53,23,22,{},CVE-2021-24442,5758,2026-08-02 13:43:04.631876
Wordpress,Wordpress WHMpress - WHMCS WordPress Integration Plugin plugin,True,True,8,1.0,31,19,17,{},CVE-2024-9193,2727,2026-08-02 13:43:04.617110
Dahua,Dahua DVR/NVR/IPC,True,True,8,2.0,8,75,40,"{'07/08/2026': {'connections': 8, 'uniq_ips': 2}}",CVE-2017-7927,33072,2026-08-07 13:18:09.647326
Atlassian,Confluence,True,True,8,2.0,16,64,80,"{'07/08/2026': {'connections': 8, 'uniq_ips': 2}}",CVE-2022-26138,66646,2026-08-07 13:18:09.621101
Grafana,Grafana,True,True,8,1.0,8,13,12,{},CVE-2025-4123,4921,2026-08-02 13:43:04.623329
Apache,ActiveMQ,True,True,8,1.0,63,34,33,"{'06/08/2026': {'connections': 8, 'uniq_ips': 4}, '07/08/2026': {'connections': 8, 'uniq_ips': 4}}",CVE-2016-3088,71244,2026-08-02 13:43:04.525181
Wordpress,Wordpress Chop Slider plugin,True,True,8,1.0,67,23,24,{},CVE-2020-11530,32962,2026-08-02 13:43:04.575630
Penta Security,WAPPLES,True,True,8,2.0,11,20,24,"{'07/08/2026': {'connections': 8, 'uniq_ips': 2}}",CVE-2022-35413,21200,2026-08-07 13:18:09.688528
HooToo,HooToo TripMate Titan HT-TM05 and HT-05 routers,True,True,8,1.0,8,8,8,"{'05/08/2024': {'connections': 8, 'uniq_ips': 1}, '06/08/2024': {'connections': 8, 'uniq_ips': 1}}",CVE-2018-20841,8,2024-08-06 06:01:20.183289
Wordpress,Wordpress Slider Future plugin,True,True,8,1.0,63,26,25,{},CVE-2026-1405,539,2026-08-02 13:43:04.507306
Micro Focus,Operation Bridge Manager UCMDB,True,True,8,1.0,16,12,7,{},CVE-2020-11854,6001,2026-08-02 13:43:04.522099
Terramaster,TOS,True,True,8,1.0,8,11,15,{},CVE-2020-28185,47000,2026-07-31 03:36:34.232521
CONTEC,SolarView Compact ver.6.00,True,True,8,2.0,10,23,23,"{'07/08/2026': {'connections': 8, 'uniq_ips': 2}}",CVE-2022-29303,17360,2026-08-07 13:18:09.666334
Wordpress,Wordpress Elfinder plugin,True,True,7,1.0,10,16,20,"{'07/08/2026': {'connections': 7, 'uniq_ips': 1}}",CVE-2020-35235,14936,2026-08-07 13:18:09.657936
Wordpress,Wordpress VR Calendar plugin,True,True,7,1.0,9,21,28,"{'07/08/2026': {'connections': 7, 'uniq_ips': 1}}",CVE-2022-2314,23712,2026-08-07 13:18:09.838144
Wordpress,Wordpress WPCargo Track & Trace plugin,True,True,7,2.0,10,29,36,"{'07/08/2026': {'connections': 7, 'uniq_ips': 2}}",CVE-2021-25003,104082,2026-08-07 13:18:09.654829
Wordpress,Wordpress Paid Memberships Pro plugin,True,True,7,2.0,10,20,27,"{'07/08/2026': {'connections': 7, 'uniq_ips': 2}}",CVE-2021-25114,37187,2026-08-07 13:18:09.685916
Tenda,Tenda AC1200 V-W15Ev2,True,True,7,1.0,9,9,13,{},CVE-2022-40843,1935,2026-07-31 03:36:34.167906
Roxy-WI,Roxy-WI,True,True,7,1.0,10,21,20,"{'07/08/2026': {'connections': 7, 'uniq_ips': 1}}",CVE-2022-31137,4800,2026-08-07 13:18:09.636245
TerraMaster,TOS,True,True,7,1.0,4,3,3,{},CVE-2020-28188,135577,2026-07-31 03:36:34.216418
Evenroute,IQrouter,True,True,7,1.0,18,18,18,"{'25/05/2026': {'connections': 7, 'uniq_ips': 1}}",CVE-2020-11963,203,2026-05-25 15:22:01.084330
Wordpress,Wordpress Nirweb support plugin,True,True,7,1.0,8,18,21,"{'07/08/2026': {'connections': 7, 'uniq_ips': 1}}",CVE-2022-0781,15574,2026-08-07 13:18:09.839078
PrestaShop,PrestaShop ApolloTheme AP PageBuilder module,True,True,7,1.0,11,28,39,"{'07/08/2026': {'connections': 7, 'uniq_ips': 1}}",CVE-2022-22897,132642,2026-08-07 13:18:09.616676
GruppoSCAI,RealGimm,True,True,7,2.0,4,7,10,{},CVE-2023-41642,2956,2026-07-23 14:21:36.590455
SonarQube,SonarQube,True,True,7,1.0,9,8,11,{},CVE-2020-27986,12742,2026-07-31 03:36:34.232766
Linear,eMerge E3-Series,True,True,7,1.0,17,42,39,"{'07/08/2026': {'connections': 7, 'uniq_ips': 1}}",CVE-2019-7256,64460,2026-08-07 13:18:09.652333
Ruijie Networks,Ruijie NBR routers,True,True,7,4.0,9,18,23,"{'07/08/2026': {'connections': 7, 'uniq_ips': 4}}",CVE-2025-34057,1779,2026-08-07 13:18:09.618846
Viessmann,Vitogate 300 BN/MB,True,True,7,2.0,8,14,29,"{'07/08/2026': {'connections': 7, 'uniq_ips': 2}}",CVE-2023-5222,12684,2026-08-07 13:18:09.625872
anji-plus,AJ-Report,True,True,7,3.0,7,34,37,"{'07/08/2026': {'connections': 7, 'uniq_ips': 3}}",CVE-2024-7314,3584,2026-08-07 13:18:09.546879
CuppaCMS,CuppaCMS,True,True,7,1.0,9,19,25,"{'07/08/2026': {'connections': 7, 'uniq_ips': 1}}",CVE-2022-38296,860,2026-08-07 13:18:09.663748
Zoho,"ManageEngine Access Manager Plus, Password Manager Pro, PAM360",True,True,7,1.0,6,14,18,"{'07/08/2026': {'connections': 7, 'uniq_ips': 1}}",CVE-2022-29081,2585,2026-08-07 13:18:09.522375
AimStack,Aim,True,True,7,1.0,30,28,16,{},CVE-2024-6396,17267,2026-08-02 13:43:04.620351
Keysight Technologies,Sensor Management Server,True,True,7,1.0,4,22,21,"{'07/08/2026': {'connections': 7, 'uniq_ips': 1}}",CVE-2022-38130,2179,2026-08-07 13:18:09.632135
WAVLINK,WAVLINK WN535K2 and WN535K3,True,True,7,1.0,12,18,21,"{'07/08/2026': {'connections': 7, 'uniq_ips': 1}}",CVE-2022-2487,18158,2026-08-07 13:18:09.649415
Wordpress,Wordpress MapSVG plugin,True,True,7,1.0,9,17,21,"{'07/08/2026': {'connections': 7, 'uniq_ips': 1}}",CVE-2022-0592,5317,2026-08-07 13:18:09.638890
WSO2,WSO2 multiple products,True,True,7,1.0,9,22,22,"{'07/08/2026': {'connections': 7, 'uniq_ips': 1}}",CVE-2022-29464,19782,2026-08-07 13:18:09.673870
Wordpress,Wordpress Simple Link Directory plugin,True,True,7,1.0,8,17,21,"{'07/08/2026': {'connections': 7, 'uniq_ips': 1}}",CVE-2022-0760,16190,2026-08-07 13:18:09.539738
Totolink,EX200,True,True,7,1.0,9,525,200,"{'07/08/2026': {'connections': 7, 'uniq_ips': 1}}",CVE-2021-43711,26585,2026-08-07 13:18:09.512274
Palo Alto Networks,PAN-OS,True,True,7,3.0,202,119,96,"{'07/08/2026': {'connections': 7, 'uniq_ips': 3}}",CVE-2024-0012,90669,2026-08-07 13:18:09.696785
Wordpress,WordPress Fusion Builder plugin,True,True,7,1.0,9,18,26,"{'07/08/2026': {'connections': 7, 'uniq_ips': 1}}",CVE-2022-1386,15375,2026-08-07 13:18:09.524247
Wordpress,Wordpress KiviCare plugin,True,True,7,1.0,8,15,20,"{'07/08/2026': {'connections': 7, 'uniq_ips': 1}}",CVE-2022-0786,16281,2026-08-07 13:18:09.671725
Wordpress,Wordpress Daily Prayer Time plugin,True,True,7,1.0,8,16,21,"{'07/08/2026': {'connections': 7, 'uniq_ips': 1}}",CVE-2022-0785,681,2026-08-07 13:18:09.630728
Zyxel,"USG FLEX 100, 100W, 200, 500, 700, USG20-VPN, USG20W-VPN, ATP 100, 200, 500, 700, 800",True,True,7,1.0,4,21,20,"{'07/08/2026': {'connections': 7, 'uniq_ips': 1}}",CVE-2022-30525,21149,2026-08-07 13:18:09.633969
Wordpress,Wordpress Narnoo Distributor plugin,True,True,7,1.0,9,18,21,"{'07/08/2026': {'connections': 7, 'uniq_ips': 1}}",CVE-2022-0679,20143,2026-08-07 13:18:09.436915
Wordpress,Wordpress Title Experiments Free plugin,True,True,7,1.0,8,14,20,"{'07/08/2026': {'connections': 7, 'uniq_ips': 1}}",CVE-2022-0784,14799,2026-08-07 13:18:09.519515
ZTE,ZTE MF971R,True,True,7,1.0,8,9,14,{},CVE-2021-21745,24659,2026-07-31 03:36:34.268571
Geoserver,Geoserver (JAI-EXT),True,True,7,1.0,10,266,267,"{'07/08/2026': {'connections': 7, 'uniq_ips': 1}}",CVE-2022-24816,231786,2026-08-07 13:18:09.829874
Wordpress,Wordpress Order Listener for WooCommerce WordPress plugin,True,True,7,1.0,9,19,26,"{'07/08/2026': {'connections': 7, 'uniq_ips': 1}}",CVE-2022-0948,990,2026-08-07 13:18:09.652841
Palo Alto Networks,PAN-OS,True,True,6,4.0,7,59,38,"{'07/08/2026': {'connections': 6, 'uniq_ips': 4}}",CVE-2017-15944,57461,2026-08-07 13:18:09.431116
SecurEnvoy,SecurEnvoy MFA,True,True,6,1.0,8,20,21,"{'07/08/2026': {'connections': 6, 'uniq_ips': 1}}",CVE-2024-37393,1860,2026-08-07 13:18:09.434543
AVTECH,AVTECH IP camera,True,True,6,2.0,4,204,70,"{'07/08/2026': {'connections': 6, 'uniq_ips': 2}}",CVE-2024-7029,11053,2026-08-07 13:18:09.688257
F5,BIG-IP,True,True,6,1.0,12,31,42,"{'07/08/2026': {'connections': 6, 'uniq_ips': 1}}",CVE-2023-46747,51198,2026-08-07 13:18:09.647760
Palo Alto Networks,Palo Alto Networks Expedition,True,True,6,3.0,4,36,26,"{'07/08/2026': {'connections': 6, 'uniq_ips': 3}}",CVE-2025-0107,2097,2026-08-07 13:18:09.547148
rConfig,rConfig,True,True,6,3.0,11,24,28,"{'07/08/2026': {'connections': 6, 'uniq_ips': 3}}",CVE-2020-13638,68404,2026-08-07 13:18:09.619763
GeoServer,GeoServer,True,True,6,2.0,4,23,45,"{'07/08/2026': {'connections': 6, 'uniq_ips': 2}}",CVE-2023-43795,41313,2026-08-07 13:18:09.678677
SaltStack,Salt,True,True,6,3.0,28,67,259,"{'07/08/2026': {'connections': 6, 'uniq_ips': 3}}",CVE-2020-16846,155235,2026-08-07 13:18:09.519887
rConfig,rConfig,True,True,6,3.0,5,13,16,"{'07/08/2026': {'connections': 6, 'uniq_ips': 3}}",CVE-2020-10546,6164,2026-08-07 13:18:09.429256
Omnissa,Omnissa Workspace ONE UEM,True,True,6,1.0,6,6,6,"{'16/05/2026': {'connections': 6, 'uniq_ips': 1}}",CVE-2021-22054,6,2026-05-16 13:47:54.381191
Splunk,Splunk Enterprise on Windows,True,True,6,1.0,4,4,4,"{'01/07/2026': {'connections': 6, 'uniq_ips': 1}}",CVE-2024-36991,167,2026-07-01 14:51:04.735741
IceWarp,IceWarp Mail Server,True,True,6,3.0,4,11,32,"{'07/08/2026': {'connections': 6, 'uniq_ips': 3}}",CVE-2019-12593,13423,2026-08-07 13:18:09.526679
D-Link,"D-Link DNS-320, DNS-320LW, DNS-325 and DNS-340L",True,True,6,2.0,8,27,21,"{'07/08/2026': {'connections': 6, 'uniq_ips': 2}}",CVE-2024-10914,44550,2026-08-07 13:18:09.619244
Wordpress,Wordpress Block and Stop Bad Bots plugin,True,True,6,2.0,10,22,27,"{'07/08/2026': {'connections': 6, 'uniq_ips': 2}}",CVE-2021-24499,35644,2026-08-07 13:18:09.683472
ColumbiaSoft,Document Locator,True,True,6,2.0,4,14,19,"{'07/08/2026': {'connections': 6, 'uniq_ips': 2}}",CVE-2023-5830,11244,2026-08-07 13:18:09.437181
Oracle,Oracle E-Business Suite,True,True,6,3.0,4,7,24,"{'07/08/2026': {'connections': 6, 'uniq_ips': 3}}",CVE-2022-21500,12970,2026-08-07 13:18:09.635317
CloudPanel,CloudPanel,True,True,5,1.0,9,26,28,"{'07/08/2026': {'connections': 5, 'uniq_ips': 1}}",CVE-2023-35885,22276,2026-08-07 13:18:09.528060
Honeywell,Honeywell PM43,True,True,5,1.0,8,24,21,"{'07/08/2026': {'connections': 5, 'uniq_ips': 1}}",CVE-2023-3710,11557,2026-08-07 13:18:09.696511
ming-soft,MCMS,True,True,5,1.0,9,16,27,"{'07/08/2026': {'connections': 5, 'uniq_ips': 1}}",CVE-2021-44868,934,2026-08-07 13:18:09.650089
Wordpress,Wordpress Easy Digital Downloads plugin,True,True,5,1.0,9,12,22,"{'07/08/2026': {'connections': 5, 'uniq_ips': 1}}",CVE-2023-23489,14360,2026-08-07 13:18:09.655936
Ivanti,Ivanti EPM,True,True,5,1.0,4,87,70,"{'07/08/2026': {'connections': 5, 'uniq_ips': 1}}",CVE-2024-13160,12878,2026-08-07 13:18:09.658106
Wordpress,Wordpress Business Directory Plugin,True,True,5,1.0,7,16,16,"{'07/08/2026': {'connections': 5, 'uniq_ips': 1}}",CVE-2024-4443,695,2026-08-07 13:18:09.679313
JetBrains,TeamCity,True,True,5,1.0,16,164,167,"{'07/08/2026': {'connections': 5, 'uniq_ips': 1}}",CVE-2023-42793,5300224,2026-08-07 13:18:09.506043
Control iD,Control iD iDSecure,True,True,5,1.0,9,10,23,"{'07/08/2026': {'connections': 5, 'uniq_ips': 1}}",CVE-2023-6329,1909,2026-08-07 13:18:09.429871
Citrix,Citrix NetScaler Console,True,True,5,2.0,7,13,14,"{'07/08/2026': {'connections': 5, 'uniq_ips': 2}}",CVE-2024-6235,3547,2026-08-07 13:18:09.524945
Dell,Dell EMC Avamar Server and Dell EMC Integrated Data Protection Appliance,True,True,5,3.0,78,98,88,{},CVE-2018-1217,73622,2026-08-02 13:43:04.519781
D-Link,D-Link D-View 8,True,True,5,1.0,9,14,19,"{'07/08/2026': {'connections': 5, 'uniq_ips': 1}}",CVE-2023-5074,11428,2026-08-07 13:18:09.697689
Wordpress,Wordpress HasThemes HT Mega,True,True,5,1.0,9,17,29,"{'07/08/2026': {'connections': 5, 'uniq_ips': 1}}",CVE-2023-37999,1052,2026-08-07 13:18:09.634485
Ivanti,Avalanche,True,True,5,1.0,9,28,29,"{'07/08/2026': {'connections': 5, 'uniq_ips': 1}}",CVE-2023-32563,20797,2026-08-07 13:18:09.648598
frangoteam,FUXA,True,True,5,1.0,16,33,413,"{'07/08/2026': {'connections': 5, 'uniq_ips': 1}}",CVE-2023-33831,85176,2026-08-07 13:18:09.543969
PrestaShop,NDK Design for PrestaShop,True,True,5,1.0,7,16,19,"{'07/08/2026': {'connections': 5, 'uniq_ips': 1}}",CVE-2023-46347,10609,2026-08-07 13:18:09.497139
Totolink,Totolink A3700R,True,True,5,1.0,8,25,24,"{'07/08/2026': {'connections': 5, 'uniq_ips': 1}}",CVE-2023-52028,15081,2026-08-07 13:18:09.435777
D-Link,D-Link DAR-7000 and DAR-8000,True,True,5,1.0,7,11,14,"{'07/08/2026': {'connections': 5, 'uniq_ips': 1}}",CVE-2023-5148,11017,2026-08-07 13:18:09.436304
Wordpress,Wordpress Jordy Meow AI Engine: ChatGPT Chatbot plugin,True,True,5,1.0,9,16,19,"{'07/08/2026': {'connections': 5, 'uniq_ips': 1}}",CVE-2023-51409,3149,2026-08-07 13:18:09.844923
Apache,OFBiz,True,True,5,1.0,3,30,23,"{'07/08/2026': {'connections': 5, 'uniq_ips': 1}}",CVE-2023-51467,14410,2026-08-07 13:18:09.661850
Qlik,Qlik Sense,True,True,5,1.0,7,11,48,"{'07/08/2026': {'connections': 5, 'uniq_ips': 1}}",CVE-2023-41265,4473,2026-08-07 13:18:09.618167
JEECG,jeecg-boot,True,True,5,1.0,3,25,22,"{'07/08/2026': {'connections': 5, 'uniq_ips': 1}}",CVE-2023-4450,9600,2026-08-07 13:18:09.431534
MagnusSolution,magnusbilling,True,True,5,1.0,9,32,41,"{'07/08/2026': {'connections': 5, 'uniq_ips': 1}}",CVE-2023-30258,22795,2026-08-07 13:18:09.626207
JEECG,jeecg-boot,True,True,5,1.0,9,18,21,"{'07/08/2026': {'connections': 5, 'uniq_ips': 1}}",CVE-2023-34659,11761,2026-08-07 13:18:09.662518
Seagate,Seagate NAS OS,True,True,5,3.0,37,21,23,{},CVE-2018-12296,45097,2026-08-02 13:43:04.627948
SysAid,SysAid On-Premise,True,True,5,1.0,9,25,30,"{'07/08/2026': {'connections': 5, 'uniq_ips': 1}}",CVE-2023-47246,20540,2026-08-07 13:18:09.690246
Chamilo,Chamilo,True,True,5,1.0,9,25,23,"{'07/08/2026': {'connections': 5, 'uniq_ips': 1}}",CVE-2023-34960,13530,2026-08-07 13:18:09.536777
vBulletin,vBulletin,True,True,5,1.0,9,23,23,"{'07/08/2026': {'connections': 5, 'uniq_ips': 1}}",CVE-2023-25135,15051,2026-08-07 13:18:09.515684
Ivanti,Ivanti EPM,True,True,5,1.0,4,80,68,"{'07/08/2026': {'connections': 5, 'uniq_ips': 1}}",CVE-2024-13159,13859,2026-08-07 13:18:09.631224
Microsoft,SharePoint,True,True,5,1.0,8,21,31,"{'07/08/2026': {'connections': 5, 'uniq_ips': 1}}",CVE-2023-29357,18681,2026-08-07 13:18:09.616839
WBCE,WBCE CMS,True,True,5,1.0,7,19,24,"{'07/08/2026': {'connections': 5, 'uniq_ips': 1}}",CVE-2023-39796,11937,2026-08-07 13:18:09.691386
Totolink,Totolink A3700R,True,True,5,1.0,10,24,28,"{'07/08/2026': {'connections': 5, 'uniq_ips': 1}}",CVE-2023-46574,12859,2026-08-07 13:18:09.696344
TP-Link,TP-Link Archer AX21,True,True,5,1.0,34,25,58,"{'07/08/2026': {'connections': 5, 'uniq_ips': 1}}",CVE-2023-1389,1126622,2026-08-07 13:18:09.686406
Qualitor,Qualitor ITSM,True,True,5,1.0,9,25,22,"{'07/08/2026': {'connections': 5, 'uniq_ips': 1}}",CVE-2023-47253,491,2026-08-07 13:18:09.665198
Adobe,ColdFusion,True,True,5,1.0,3,25,24,"{'07/08/2026': {'connections': 5, 'uniq_ips': 1}}",CVE-2023-29300,16189,2026-08-07 13:18:09.620420
Dahua,Smart Park Management,True,True,5,1.0,9,16,25,"{'07/08/2026': {'connections': 5, 'uniq_ips': 1}}",CVE-2023-3836,12889,2026-08-07 13:18:09.428590
TP-Link,"TP-Link TL-WR840N v5, TL-WR841N v13",True,True,5,1.0,7,13,14,"{'07/08/2026': {'connections': 5, 'uniq_ips': 1}}",CVE-2018-11714,648,2026-08-07 13:18:09.541614
Ollama,Ollama,True,True,5,1.0,4,36,26,"{'07/08/2026': {'connections': 5, 'uniq_ips': 1}}",CVE-2024-37032,21015,2026-08-07 13:18:09.690998
NextGen Healthcare,Mirth Connect,True,True,5,1.0,3,263,257,"{'07/08/2026': {'connections': 5, 'uniq_ips': 1}}",CVE-2023-37679,1360234,2026-08-07 13:18:09.684614
Cacti,Cacti,True,True,5,1.0,8,19,18,"{'07/08/2026': {'connections': 5, 'uniq_ips': 1}}",CVE-2023-39361,102,2026-08-07 13:18:09.688665
D-Link,D-Link DAR-8000-10,True,True,5,1.0,9,25,23,"{'07/08/2026': {'connections': 5, 'uniq_ips': 1}}",CVE-2023-4542,8353,2026-08-07 13:18:09.685108
Viessmann,Vitogate 300 BN/MB,True,True,5,1.0,12,25,21,"{'07/08/2026': {'connections': 5, 'uniq_ips': 1}}",CVE-2023-45852,13373,2026-08-07 13:18:09.667866
CONTEC,SolarView Compact,True,True,5,1.0,8,18,22,"{'07/08/2026': {'connections': 5, 'uniq_ips': 1}}",CVE-2023-29919,11435,2026-08-07 13:18:09.667731
Sitecore,"Experience Manager, Experience Platform, and Experience Commerce",True,True,5,1.0,9,24,22,"{'07/08/2026': {'connections': 5, 'uniq_ips': 1}}",CVE-2023-35813,14628,2026-08-07 13:18:09.637414
NextGen Healthcare,Mirth Connect,True,True,5,1.0,24,39,78,"{'07/08/2026': {'connections': 5, 'uniq_ips': 1}}",CVE-2023-43208,92196,2026-08-07 13:18:09.835495
Wordpress,Wordpress Backup and Staging by WP Time Capsule plugin,True,True,5,2.0,4,25,23,"{'07/08/2026': {'connections': 5, 'uniq_ips': 2}}",CVE-2024-8856,8010,2026-08-07 13:18:09.616338
Wordpress,Wordpress LearnPress plugin,True,True,5,1.0,9,19,21,"{'07/08/2026': {'connections': 5, 'uniq_ips': 1}}",CVE-2022-47615,497,2026-08-07 13:18:09.436044
Ivanti,Ivanti EPM,True,True,5,1.0,3,70,62,"{'07/08/2026': {'connections': 5, 'uniq_ips': 1}}",CVE-2024-13161,10757,2026-08-07 13:18:09.679010
Wordpress,Wordpress WooCommerce Ultimate Gift Card plugin,True,True,5,2.0,6,18,21,"{'07/08/2026': {'connections': 5, 'uniq_ips': 2}}",CVE-2024-8425,1625,2026-08-07 13:18:09.684433
Aviatrix,Aviatrix Network Controller,True,True,5,1.0,2,30,19,"{'07/08/2026': {'connections': 5, 'uniq_ips': 1}}",CVE-2024-50603,7723,2026-08-07 13:18:09.505188
Wordpress,Wordpress Registrations for the Events Calendar plugin,True,True,5,2.0,9,22,23,"{'07/08/2026': {'connections': 5, 'uniq_ips': 2}}",CVE-2021-24943,712,2026-08-07 13:18:09.430278
Telesquare,Telesquare SDT-CW3B1,True,True,5,1.0,8,38,34,"{'07/08/2026': {'connections': 5, 'uniq_ips': 1}}",CVE-2021-46422,44644,2026-08-07 13:18:09.512451
Qualitor,Qualitor ITSM,True,True,5,1.0,8,24,24,"{'07/08/2026': {'connections': 5, 'uniq_ips': 1}}",CVE-2024-44849,15122,2026-08-07 13:18:09.654504
Likeshop,Likeshop,True,True,5,1.0,6,8,12,"{'07/08/2026': {'connections': 5, 'uniq_ips': 1}}",CVE-2024-0352,4364,2026-08-07 13:18:09.618004
IBM,Aspera Faspex,True,True,5,1.0,9,24,23,"{'07/08/2026': {'connections': 5, 'uniq_ips': 1}}",CVE-2022-47986,14431,2026-08-07 13:18:09.532323
GLPI (teclib),GLPI,True,True,5,1.0,12,27,28,"{'07/08/2026': {'connections': 5, 'uniq_ips': 1}}",CVE-2022-35914,40562,2026-08-07 13:18:09.621271
RaspAP,RaspAP,True,True,5,1.0,9,22,21,"{'07/08/2026': {'connections': 5, 'uniq_ips': 1}}",CVE-2022-39986,17325,2026-08-07 13:18:09.640397
Wordpress,Wordpress IWS - Geo Form Fields plugin,True,True,5,1.0,8,19,21,"{'07/08/2026': {'connections': 5, 'uniq_ips': 1}}",CVE-2022-4117,14017,2026-08-07 13:18:09.840921
Wordpress,Wordpress WooCommerce Checkout Field Manager plugin,True,True,5,1.0,9,21,21,"{'07/08/2026': {'connections': 5, 'uniq_ips': 1}}",CVE-2022-4328,17994,2026-08-07 13:18:09.676242
CuppaCMS,CuppaCMS,True,True,5,1.0,5,9,18,{},CVE-2022-34121,11507,2026-07-31 03:36:34.387853
Wordpress,Wordpress JoomSport plugin,True,True,5,1.0,9,18,20,"{'07/08/2026': {'connections': 5, 'uniq_ips': 1}}",CVE-2022-4050,13604,2026-08-07 13:18:09.537758
Progress,WhatsUp Gold,True,True,5,1.0,2,29,19,"{'07/08/2026': {'connections': 5, 'uniq_ips': 1}}",CVE-2024-4885,9005,2026-08-07 13:18:09.675910
CONTEC,SolarView Compact,True,True,5,1.0,9,23,21,"{'07/08/2026': {'connections': 5, 'uniq_ips': 1}}",CVE-2022-40881,16354,2026-08-07 13:18:09.831719
Elber,Elber (multiple products),True,True,5,2.0,6,13,15,"{'07/08/2026': {'connections': 5, 'uniq_ips': 2}}",CVE-2025-0674,2785,2026-08-07 13:18:09.673031
Apache,Solr,True,True,5,1.0,5,5,5,{},CVE-2019-17558,5,2026-08-02 13:43:04.523922
Fortinet,Fortinet FortiWeb,True,True,5,2.0,68,35,21,"{'07/08/2026': {'connections': 5, 'uniq_ips': 2}}",CVE-2025-64446,8483,2026-08-07 13:18:09.626040
Beijing NetGuard Nebula Information Technology,Leadsec VPN,True,True,5,3.0,5,36,32,"{'07/08/2026': {'connections': 5, 'uniq_ips': 3}}",CVE-2025-34047,1871,2026-08-07 13:18:09.833060
Totolink,Totolink Realtek SDK based routers,True,True,5,3.0,68,23,22,{},CVE-2019-19825,22943,2026-08-02 13:43:04.669785
Landray,Landray EIS,True,True,5,2.0,3,8,11,"{'07/08/2026': {'connections': 5, 'uniq_ips': 2}}",CVE-2025-22214,316,2026-08-07 13:18:09.621793
Gladinet,Gladinet CentreStack & Triofox,True,True,5,2.0,5,11,14,"{'07/08/2026': {'connections': 5, 'uniq_ips': 2}}",CVE-2025-12480,1330,2026-08-07 13:18:09.432872
Fortinet,Fortinet FortiWeb,True,True,5,3.0,5,16,17,"{'07/08/2026': {'connections': 5, 'uniq_ips': 3}}",CVE-2025-25257,9957,2026-08-07 13:18:09.647930
Arc53,DocsGPT,True,True,5,2.0,3,30,19,"{'07/08/2026': {'connections': 5, 'uniq_ips': 2}}",CVE-2025-0868,5094,2026-08-07 13:18:09.544362
NUUO,NUUO Camera,True,True,5,2.0,7,24,16,"{'07/08/2026': {'connections': 5, 'uniq_ips': 2}}",CVE-2025-1338,312,2026-08-07 13:18:09.504470
GLPI,GLPI,True,True,5,2.0,6,10,8,"{'21/06/2026': {'connections': 5, 'uniq_ips': 2}, '26/06/2026': {'connections': 5, 'uniq_ips': 5}, '07/07/2026': {'connections': 5, 'uniq_ips': 2}, '06/08/2026': {'connections': 5, 'uniq_ips': 2}, '07/08/2026': {'connections': 5, 'uniq_ips': 2}}",CVE-2025-24799,2431,2026-06-21 14:25:51.331166
F5,F5 Big-IP,True,True,5,2.0,13,47,81,"{'07/08/2026': {'connections': 5, 'uniq_ips': 2}}",CVE-2020-5902,290845,2026-08-07 13:18:09.614692
Chamilo,Chamilo,True,True,5,1.0,3,26,25,"{'07/08/2026': {'connections': 5, 'uniq_ips': 1}}",CVE-2023-3368,550,2026-08-07 13:18:09.838317
Melis Technology,Melis Platform,True,True,5,2.0,5,28,20,"{'07/08/2026': {'connections': 5, 'uniq_ips': 2}}",CVE-2025-10353,499,2026-08-07 13:18:09.656943
Apache,OFBiz,True,True,5,1.0,7,30,20,"{'07/08/2026': {'connections': 5, 'uniq_ips': 1}}",CVE-2024-45507,8861,2026-08-07 13:18:09.675574
Wordpress,Wordpress WP Query Console plugin,True,True,5,1.0,7,24,17,"{'07/08/2026': {'connections': 5, 'uniq_ips': 1}}",CVE-2024-50498,5427,2026-08-07 13:18:09.520555
Palo Alto Networks,Palo Alto Expedition,True,True,5,2.0,2,26,20,"{'07/08/2026': {'connections': 5, 'uniq_ips': 2}}",CVE-2024-9463,6768,2026-08-07 13:18:09.512622
Wordpress,Wordpress Modern Events Calendar Lite plugin,True,True,5,2.0,9,15,20,"{'07/08/2026': {'connections': 5, 'uniq_ips': 2}}",CVE-2021-4458,646,2026-08-07 13:18:09.625194
plentico,plenti,True,True,5,1.0,7,26,23,"{'07/08/2026': {'connections': 5, 'uniq_ips': 1}}",CVE-2024-49380,1610,2026-08-07 13:18:09.693167
FIT2CLOUD,KubePi,True,True,5,1.0,9,20,22,"{'07/08/2026': {'connections': 5, 'uniq_ips': 1}}",CVE-2024-36111,11164,2026-08-07 13:18:09.511782
TP-Link,TP-Link Archer C20,True,True,5,1.0,7,11,14,"{'07/08/2026': {'connections': 5, 'uniq_ips': 1}}",CVE-2024-57049,5018,2026-08-07 13:18:09.660017
NetAlertX,NetAlertX,True,True,5,1.0,7,14,14,"{'07/08/2026': {'connections': 5, 'uniq_ips': 1}}",CVE-2024-48766,4742,2026-08-07 13:18:09.505709
Wordpress,Wordpress LearnPress plugin,True,True,5,2.0,6,18,11,"{'07/08/2026': {'connections': 5, 'uniq_ips': 2}}",CVE-2024-8522,108,2026-08-07 13:18:09.549163
SonicWall,SonicOS,True,True,5,1.0,7,26,56,"{'07/08/2026': {'connections': 5, 'uniq_ips': 1}}",CVE-2024-53704,74588,2026-08-07 13:18:09.535984
Cisco,Cisco Smart Licensing Utility (CSLU),True,True,5,1.0,7,9,13,"{'07/08/2026': {'connections': 5, 'uniq_ips': 1}}",CVE-2024-20439,3063,2026-08-07 13:18:09.510033
Fujian Apex Software,LiveBOS,True,True,5,1.0,3,3,3,"{'01/07/2026': {'connections': 5, 'uniq_ips': 1}}",CVE-2024-13981,7,2026-07-01 14:51:04.660065
R-HUB,TurboMeeting,True,True,5,1.0,8,19,35,"{'07/08/2026': {'connections': 5, 'uniq_ips': 1}}",CVE-2024-38289,14987,2026-08-07 13:18:09.629776
Wordpress,Wordpress Hunk Companion plugin,True,True,5,1.0,7,16,18,"{'07/08/2026': {'connections': 5, 'uniq_ips': 1}}",CVE-2024-9707,1484,2026-08-07 13:18:09.841409
Akamai,Akamai CloudTest,True,True,4,1.0,4,32,17,"{'07/08/2026': {'connections': 4, 'uniq_ips': 1}}",CVE-2025-49493,2928,2026-08-07 13:18:09.648764
Atlassian,Confluence,True,True,4,1.0,10,20,48,"{'07/08/2026': {'connections': 4, 'uniq_ips': 1}}",CVE-2023-22518,78232,2026-08-07 13:18:09.508840
PaperCut,PaperCut MF/NG,True,True,4,1.0,11,26,27,"{'07/08/2026': {'connections': 4, 'uniq_ips': 1}}",CVE-2023-27350,37135,2026-08-07 13:18:09.842229
Infoblox,Infoblox NETMRI,True,True,4,1.0,4,10,14,"{'07/08/2026': {'connections': 4, 'uniq_ips': 1}}",CVE-2025-32814,249,2026-08-07 13:18:09.643649
Commvault,Commvault Command Center,True,True,4,1.0,4,33,18,"{'07/08/2026': {'connections': 4, 'uniq_ips': 1}}",CVE-2025-34028,4140,2026-08-07 13:18:09.543844
sar2html,sar2html,True,True,4,1.0,4,35,20,"{'07/08/2026': {'connections': 4, 'uniq_ips': 1}}",CVE-2025-34030,468,2026-08-07 13:18:09.639692
Dassualt Systems,DELMIA Apriso,True,True,4,1.0,9,34,19,"{'07/08/2026': {'connections': 4, 'uniq_ips': 1}}",CVE-2025-5086,3958,2026-08-07 13:18:09.536945
Securden,Securden Unified PAM,True,True,4,1.0,10,46,50,"{'07/08/2026': {'connections': 4, 'uniq_ips': 1}}",CVE-2025-53118,3926,2026-08-07 13:18:09.835154
Dassualt Systems,DELMIA Apriso,True,True,4,1.0,9,28,27,"{'07/08/2026': {'connections': 4, 'uniq_ips': 1}}",CVE-2025-6205,2382,2026-08-07 13:18:09.434678
Apache,OFBiz,True,True,4,4.0,3,13,34,"{'07/08/2026': {'connections': 4, 'uniq_ips': 4}}",CVE-2023-50968,27180,2026-08-07 13:18:09.643813
Wordpress,Wordpress Motors theme,True,True,4,1.0,9,16,18,"{'07/08/2026': {'connections': 4, 'uniq_ips': 1}}",CVE-2025-4322,407,2026-08-07 13:18:09.520369
Ivanti,"Endpoint Manager Mobile (EPMM), formerly MobileIron Core",True,True,4,3.0,39,94,387,"{'07/08/2026': {'connections': 4, 'uniq_ips': 3}}",CVE-2025-4427,339515,2026-08-07 13:18:09.650428
Cockpit,Cockpit,True,True,4,2.0,19,40,51,"{'07/08/2026': {'connections': 4, 'uniq_ips': 2}}",CVE-2020-35131,126252,2026-08-07 13:18:09.516533
Home Assistant,Home Assistance (Supervisor),True,True,4,1.0,10,72,66,"{'07/08/2026': {'connections': 4, 'uniq_ips': 1}}",CVE-2023-27482,115813,2026-08-07 13:18:09.550467
Changjetong,Changjetong T+,True,True,4,2.0,5,28,28,"{'07/08/2026': {'connections': 4, 'uniq_ips': 2}}",CVE-2023-7334,2577,2026-08-07 13:18:09.622125
Cisco,Cisco RV132W/RV134W,True,True,4,2.0,30,16,17,{},CVE-2018-0127,12983,2026-08-02 13:43:04.661382
Shenzhen Aitemi,Shenzhen Aitemi M300 Wi-Fi Repeater (hardware model MT02),True,True,4,1.0,4,31,19,"{'07/08/2026': {'connections': 4, 'uniq_ips': 1}}",CVE-2025-34152,254,2026-08-07 13:18:09.649769
Zimbra,Zimbra Collaboration Suite,True,True,4,3.0,432,553,254,"{'07/08/2026': {'connections': 4, 'uniq_ips': 3}}",CVE-2020-7796,810258,2026-08-07 13:18:09.837510
ETQ,ETQ Reliance,True,True,4,1.0,3,11,13,"{'07/08/2026': {'connections': 4, 'uniq_ips': 1}}",CVE-2025-34143,3239,2026-08-07 13:18:09.517409
Versa,Versa Concerto,True,True,4,1.0,4,11,14,"{'07/08/2026': {'connections': 4, 'uniq_ips': 1}}",CVE-2025-34026,2371,2026-08-07 13:18:09.497498
Wordpress,Wordpress Steveas WP Live Chat Shoutbox plugin,True,True,4,1.0,8,19,22,"{'07/08/2026': {'connections': 4, 'uniq_ips': 1}}",CVE-2023-1020,13704,2026-08-07 13:18:09.525706
Hirsch,Hirsch Enterphone MESH,True,True,4,2.0,4,6,14,"{'07/08/2026': {'connections': 4, 'uniq_ips': 2}}",CVE-2025-26793,2813,2026-08-07 13:18:09.655166
BEWARD,BEWARD N100 H.264 VGA IP Camera,True,True,4,1.0,4,4,4,"{'10/02/2026': {'connections': 4, 'uniq_ips': 1}}",CVE-2025-34042,4,2026-02-10 13:41:35.612387
Palo Alto Networks,Palo Alto Networks Expedition,True,True,4,1.0,4,4,4,{},CVE-2024-5910,17,2026-07-04 03:48:57.329029
Comfy Org,ComfyUI-Manager,True,True,4,1.0,10,25,38,"{'07/08/2026': {'connections': 4, 'uniq_ips': 1}}",CVE-2025-67303,1008,2026-08-07 13:18:09.544892
wftpserver.com,Wing FTP Server,True,True,4,1.0,10,27,16,"{'07/08/2026': {'connections': 4, 'uniq_ips': 1}}",CVE-2025-47812,11556,2026-08-07 13:18:09.682245
Wordpress,Wordpress Simple File List plugin,True,True,4,1.0,6,36,34,"{'07/08/2026': {'connections': 4, 'uniq_ips': 1}}",CVE-2020-12832,25375,2026-08-07 13:18:09.687052
Versa,Versa Concerto,True,True,4,1.0,4,9,13,"{'07/08/2026': {'connections': 4, 'uniq_ips': 1}}",CVE-2025-34027,2490,2026-08-07 13:18:09.696927
Weaver,Weaver E-Office,True,True,4,1.0,9,30,36,"{'07/08/2026': {'connections': 4, 'uniq_ips': 1}}",CVE-2023-2648,20385,2026-08-07 13:18:09.688003
Adobe,Adobe Commerce (Magento),True,True,4,1.0,9,29,26,"{'07/08/2026': {'connections': 4, 'uniq_ips': 1}}",CVE-2025-54236,2437,2026-08-07 13:18:09.509012
Open Automation Software,OAS Platform,True,True,4,3.0,28,13,18,{},CVE-2022-26833,21102,2026-08-02 13:43:04.631231
Qingdao Easysoft,ZenTao,True,True,4,2.0,5,28,29,"{'07/08/2026': {'connections': 4, 'uniq_ips': 2}}",CVE-2022-4984,3282,2026-08-07 13:18:09.644994
Ivanti,Ivanti Virtual Traffic Manager (vTM),True,True,4,1.0,5,15,24,"{'07/08/2026': {'connections': 4, 'uniq_ips': 1}}",CVE-2024-7593,21078,2026-08-07 13:18:09.435100
D-Link,"D-Link DNS-320L, DNS-325, DNS-327L and DNS-340L",True,True,4,1.0,5,7,14,"{'07/08/2026': {'connections': 4, 'uniq_ips': 1}}",CVE-2024-3273,21718,2026-08-07 13:18:09.509345
SPIP,SPIP,True,True,4,1.0,6,25,19,"{'07/08/2026': {'connections': 4, 'uniq_ips': 1}}",CVE-2024-7954,7477,2026-08-07 13:18:09.506900
Splunk,Splunk,True,True,4,1.0,10,6,6,"{'07/08/2026': {'connections': 4, 'uniq_ips': 1}}",CVE-2026-20253,4,2026-08-07 13:18:09.429675
Vanna,Vanna,True,True,4,1.0,6,15,22,"{'07/08/2026': {'connections': 4, 'uniq_ips': 1}}",CVE-2024-5827,14675,2026-08-07 13:18:09.652683
Wordpress,Wordpress PayPlus Payment Gateway plugin,True,True,4,1.0,6,13,14,"{'07/08/2026': {'connections': 4, 'uniq_ips': 1}}",CVE-2024-6205,7185,2026-08-07 13:18:09.621460
NETGEAR/NUUO,"NETGEAR ReadyNAS Surveillance, NUUO NVRmini, NUUO NVRsolo",True,True,4,3.0,7,34,40,"{'07/08/2026': {'connections': 4, 'uniq_ips': 3}}",CVE-2016-5674,106991,2026-08-07 13:18:09.499062
SAP,NetWeaver,True,True,4,1.0,4,36,46,"{'07/08/2026': {'connections': 4, 'uniq_ips': 1}}",CVE-2025-31324,18507,2026-08-07 13:18:09.509704
VMware,Aria Operations for Networks,True,True,4,1.0,3,24,23,"{'07/08/2026': {'connections': 4, 'uniq_ips': 1}}",CVE-2023-20887,19547,2026-08-07 13:18:09.635922
Apache,Axis2,True,True,4,3.0,8,43,50,"{'07/08/2026': {'connections': 4, 'uniq_ips': 3}}",CVE-2010-0219,73267,2026-08-07 13:18:09.642581
Rocket Software,Rocket TRUfusion Enterprise,True,True,3,1.0,3,4,12,"{'07/08/2026': {'connections': 3, 'uniq_ips': 1}}",CVE-2025-27222,258,2026-08-07 13:18:09.646691
Microsoft,.NET Framework,True,True,3,3.0,8,11,18,{},CVE-2024-29059,9388,2026-07-31 03:36:34.346685
pgAdmin,pgAdmin 4,True,True,3,1.0,6,11,15,"{'07/08/2026': {'connections': 3, 'uniq_ips': 1}}",CVE-2024-9014,16833,2026-08-07 13:18:09.647599
Dahua,Dahua Intelligent Cloud Gateway Registration Management Platform,True,True,3,2.0,3,16,25,"{'07/08/2026': {'connections': 3, 'uniq_ips': 2}}",CVE-2025-34059,2148,2026-08-07 13:18:09.664555
Wordpress,Wordpress WooCommerce Help Scout WordPress plugin,True,True,3,2.0,8,22,27,"{'07/08/2026': {'connections': 3, 'uniq_ips': 2}}",CVE-2021-24212,2467,2026-08-07 13:18:09.661006
Atlassian,JIRA,True,True,3,1.0,13,15,14,"{'07/08/2026': {'connections': 3, 'uniq_ips': 1}}",CVE-2019-11581,21323,2026-08-07 13:18:09.674183
Wordpress,Wordpress Kaswara Modern VC Addons plugin,True,True,3,2.0,8,22,25,"{'07/08/2026': {'connections': 3, 'uniq_ips': 2}}",CVE-2021-24284,39069,2026-08-07 13:18:09.680500
FLIR,AX8 thermal sensor cameras,True,True,3,1.0,5,5,5,{},CVE-2022-37061,585,2026-07-08 03:29:58.734421
Hangzhou Kuozhi Network Technology,EduSoho,True,True,3,2.0,6,21,27,"{'07/08/2026': {'connections': 3, 'uniq_ips': 2}}",CVE-2023-7335,1953,2026-08-07 13:18:09.548093
MCPJam,MCPJam Inspector,True,True,3,1.0,4,77,34,"{'07/08/2026': {'connections': 3, 'uniq_ips': 1}}",CVE-2026-23744,736,2026-08-07 13:18:09.542569
Weaver,Weaver E-cology,True,True,3,2.0,5,18,19,"{'07/08/2026': {'connections': 3, 'uniq_ips': 2}}",CVE-2022-50992,227,2026-08-07 13:18:09.545155
F5,BIG-IP,True,True,3,1.0,44,48,74,"{'06/08/2026': {'connections': 3, 'uniq_ips': 3}, '07/08/2026': {'connections': 3, 'uniq_ips': 3}}",CVE-2021-22986,131141,2026-08-02 13:43:04.615095
FOSSBilling,FOSSBilling,True,True,3,1.0,7,7,7,"{'07/08/2026': {'connections': 3, 'uniq_ips': 1}}",CVE-2026-28496,3,2026-08-07 13:18:09.519695
GeoVision,GeoVision GeoWebServer,True,True,3,2.0,7,23,21,{},CVE-2021-47795,562,2026-08-02 13:43:04.669494
Invision Power Services,Invision Community,True,True,3,1.0,10,38,20,"{'07/08/2026': {'connections': 3, 'uniq_ips': 1}}",CVE-2025-47916,6459,2026-08-07 13:18:09.628776
Apache,OFBiz,True,True,3,2.0,4,23,40,"{'07/08/2026': {'connections': 3, 'uniq_ips': 2}}",CVE-2011-3600,40005,2026-08-07 13:18:09.836837
Progress,Chef Automate,True,True,3,1.0,6,16,14,"{'07/08/2026': {'connections': 3, 'uniq_ips': 1}}",CVE-2025-8868,1105,2026-08-07 13:18:09.517006
SonicWall,SonicOS,True,True,3,3.0,2,4,135,"{'07/08/2026': {'connections': 3, 'uniq_ips': 3}}",CVE-2023-0656,467849,2026-08-07 13:18:09.537593
Sophos,Sophos Web Appliance,True,True,3,1.0,8,25,23,"{'07/08/2026': {'connections': 3, 'uniq_ips': 1}}",CVE-2023-1671,15309,2026-08-07 13:18:09.831560
WAGO,WAGO products (multiple),True,True,3,1.0,9,25,22,"{'07/08/2026': {'connections': 3, 'uniq_ips': 1}}",CVE-2023-1698,16898,2026-08-07 13:18:09.518672
Wordpress,Wordpress Contest Gallery plugin,True,True,3,2.0,9,21,22,"{'07/08/2026': {'connections': 3, 'uniq_ips': 2}}",CVE-2021-24915,595,2026-08-07 13:18:09.513467
FlowiseAI,Flowise,True,True,3,1.0,2,29,18,"{'07/08/2026': {'connections': 3, 'uniq_ips': 1}}",CVE-2025-55346,952,2026-08-07 13:18:09.513964
SonicWall,SonicOS,True,True,3,3.0,2,5,146,"{'07/08/2026': {'connections': 3, 'uniq_ips': 3}}",CVE-2022-22274,916554,2026-08-07 13:18:09.651269
LB-LINK,LB-LINK BL-AC2100,True,True,3,1.0,3,38,18,"{'07/08/2026': {'connections': 3, 'uniq_ips': 1}}",CVE-2025-29063,6754,2026-08-07 13:18:09.436658
Navidrome,Navidrome,True,True,3,1.0,6,5,4,"{'18/06/2026': {'connections': 3, 'uniq_ips': 1}, '19/06/2026': {'connections': 3, 'uniq_ips': 1}, '20/06/2026': {'connections': 3, 'uniq_ips': 1}, '26/06/2026': {'connections': 3, 'uniq_ips': 2}, '07/07/2026': {'connections': 3, 'uniq_ips': 1}}",CVE-2025-27112,126,2026-06-18 15:45:19.559243
SysAid,SysAid On-Premise,True,True,3,1.0,3,11,14,"{'07/08/2026': {'connections': 3, 'uniq_ips': 1}}",CVE-2025-2777,2194,2026-08-07 13:18:09.511200
Kentico,Kentico,True,True,3,2.0,3,3,2,{},CVE-2019-10068,1319,2026-07-14 03:14:37.507262
Synacor,Zimbra Collaboration Suite,True,True,3,1.0,317,290,133,"{'07/08/2026': {'connections': 3, 'uniq_ips': 1}}",CVE-2019-9670,438173,2026-08-07 13:18:09.529649
Moodle,Moodle,True,True,3,1.0,9,9,15,{},CVE-2022-35653,9588,2026-07-31 03:36:34.291624
Evertz,Evertz SDVN 3080ipx-10G and others,True,True,3,1.0,7,28,17,"{'07/08/2026': {'connections': 3, 'uniq_ips': 1}}",CVE-2025-4009,8040,2026-08-07 13:18:09.832057
Zhiyuan,Zhiyuan OA,True,True,3,1.0,14,13,8,{},CVE-2025-34040,190,2026-07-23 14:21:36.741798
PrimeFaces,PrimeTek,True,True,3,2.0,125,62,97,"{'07/08/2026': {'connections': 3, 'uniq_ips': 2}}",CVE-2017-1000486,58697,2026-08-07 13:18:09.427738
OpenDreamBox,Plugin WebAdmin,True,True,3,1.0,5,34,28,"{'07/08/2026': {'connections': 3, 'uniq_ips': 1}}",CVE-2017-14135,306521,2026-08-07 13:18:09.669527
Wordpress,Wordpress Kubio AI Page Builder plugin,True,True,3,1.0,3,4,8,"{'07/08/2026': {'connections': 3, 'uniq_ips': 1}}",CVE-2025-2294,3256,2026-08-07 13:18:09.673714
Wordpress,Wordpress Themewinter Eventin plugin,True,True,3,1.0,9,11,13,"{'07/08/2026': {'connections': 3, 'uniq_ips': 1}}",CVE-2025-47539,2662,2026-08-07 13:18:09.535653
Yonyou,NC BeanShell,True,True,3,2.0,4,32,34,"{'07/08/2026': {'connections': 3, 'uniq_ips': 2}}",CVE-2025-34039,3703,2026-08-07 13:18:09.614358
JEECG,jeecg-boot,True,True,3,1.0,9,20,21,"{'07/08/2026': {'connections': 3, 'uniq_ips': 1}}",CVE-2023-1454,13537,2026-08-07 13:18:09.833384
SysAid,SysAid On-Premise,True,True,3,1.0,3,6,12,"{'07/08/2026': {'connections': 3, 'uniq_ips': 1}}",CVE-2025-2776,2110,2026-08-07 13:18:09.543714
Juniper,Junos OS (J-Web),True,True,2,1.0,2,9,53,"{'07/08/2026': {'connections': 2, 'uniq_ips': 1}}",CVE-2024-21620,1496,2026-08-07 13:18:09.633308
Hikvision,Hikvision DS series multiple products,True,True,2,2.0,5,13,12,"{'21/07/2026': {'connections': 2, 'uniq_ips': 2}}",CVE-2017-7921,3785,2026-07-21 14:08:51.405425
Oracle,Oracle iPlanet Web Server,True,True,2,1.0,2,37,19,"{'07/08/2026': {'connections': 2, 'uniq_ips': 1}}",CVE-2020-9314,275,2026-08-07 13:18:09.675747
SAP,BusinessObjects Business Intelligence Platform (Web Services),True,True,2,1.0,2,2,2,"{'15/09/2024': {'connections': 2, 'uniq_ips': 1}}",CVE-2020-6308,2,2024-09-15 12:39:34.689437
Wordpress,Wordpress SoftLab Integrate Google Drive,True,True,2,1.0,3,8,14,{},CVE-2023-32117,312,2026-08-02 13:43:04.509014
Adobe,ColdFusion,True,True,2,1.0,2,2,2,"{'31/12/2024': {'connections': 2, 'uniq_ips': 1}}",CVE-2023-26360,2,2024-12-31 12:42:05.570163
Oracle,BI Publisher (Oracle Fusion Middleware),True,True,2,1.0,2,11,10,"{'07/08/2026': {'connections': 2, 'uniq_ips': 1}}",CVE-2019-2588,2996,2026-08-07 13:18:09.841254
Emby,Emby Server,True,True,2,1.0,10,27,24,"{'07/08/2026': {'connections': 2, 'uniq_ips': 1}}",CVE-2020-26948,1145,2026-08-07 13:18:09.838753
FlightPath,FlightPath,True,True,2,1.0,2,2,2,"{'12/05/2026': {'connections': 2, 'uniq_ips': 1}}",CVE-2019-13396,2,2026-05-12 14:40:45.847458
Ivanti,"Endpoint Manager Mobile (EPMM), formerly MobileIron Core",True,True,2,2.0,4,146,160,"{'07/08/2026': {'connections': 2, 'uniq_ips': 2}}",CVE-2023-35082,137062,2026-08-07 13:18:09.515857
Wordpress,Wordpress Duplicator/Duplicator Pro plugin,True,True,2,1.0,4,18,42,"{'06/08/2026': {'connections': 2, 'uniq_ips': 1}, '07/08/2026': {'connections': 2, 'uniq_ips': 1}}",CVE-2023-6114,27664,2026-08-02 13:43:04.560768
Quest,Quest KACE K1000 Systems Management Appliance,True,True,2,1.0,2,2,2,"{'29/06/2024': {'connections': 2, 'uniq_ips': 1}, '30/06/2024': {'connections': 2, 'uniq_ips': 1}}",CVE-2019-20504,2,2024-06-30 06:01:20.363331
DataEase,DataEase,True,True,2,1.0,2,11,10,"{'07/08/2026': {'connections': 2, 'uniq_ips': 1}}",CVE-2024-30269,733,2026-08-07 13:18:09.624717
Fortra,GoAnywhere MFT,True,True,2,2.0,11,14,43,"{'01/08/2026': {'connections': 2, 'uniq_ips': 2}, '06/08/2026': {'connections': 2, 'uniq_ips': 2}, '07/08/2026': {'connections': 2, 'uniq_ips': 2}}",CVE-2024-0204,34646,2026-07-31 03:36:34.157921
CyberPanel,CyberPanel,True,True,2,1.0,23,15,16,{},CVE-2024-32735,6044,2026-08-02 13:43:04.663875
Cisco,Cisco Smart Licensing Utility,True,True,2,1.0,4,9,12,"{'21/07/2026': {'connections': 2, 'uniq_ips': 1}, '30/07/2026': {'connections': 2, 'uniq_ips': 1}}",CVE-2024-20440,735,2026-07-21 14:08:51.246478
camptocamp,Terraboard,True,True,2,1.0,2,2,2,"{'15/09/2024': {'connections': 2, 'uniq_ips': 1}}",CVE-2022-1883,3,2024-09-15 12:39:34.687628
Geutebruck,G-Cam/EFD-2250,True,True,2,1.0,2,2,2,"{'15/09/2024': {'connections': 2, 'uniq_ips': 1}}",CVE-2017-5173,3,2024-09-15 12:39:34.683092
WSO2,WSO2 Management Console,True,True,2,1.0,2,13,9,"{'07/08/2026': {'connections': 2, 'uniq_ips': 1}}",CVE-2020-17453,7633,2026-08-07 13:18:09.644669
Airspan,Airspot 5410,True,True,2,1.0,2,2,2,"{'15/09/2024': {'connections': 2, 'uniq_ips': 1}}",CVE-2022-36267,3,2024-09-15 12:39:34.721172
Keycloak,Keycloak,True,True,2,1.0,2,9,9,"{'07/08/2026': {'connections': 2, 'uniq_ips': 1}}",CVE-2020-10770,11895,2026-08-07 13:18:09.496789
Ivanti,Sentry,True,True,2,2.0,21,107,226,"{'07/08/2026': {'connections': 2, 'uniq_ips': 2}}",CVE-2026-10520,8702,2026-08-07 13:18:09.693451
LabRedesCefetRJ,WeGIA,True,True,2,1.0,7,7,7,"{'07/08/2026': {'connections': 2, 'uniq_ips': 1}}",CVE-2026-28409,2,2026-08-07 13:18:09.508378
Technicolor,Technicolor TC7200,True,True,2,1.0,2,2,2,"{'16/06/2026': {'connections': 2, 'uniq_ips': 1}}",CVE-2014-1677,215,2026-06-16 17:10:02.762859
Jellyfin,Jellyfin,True,True,2,1.0,2,23,13,"{'07/08/2026': {'connections': 2, 'uniq_ips': 1}}",CVE-2021-21402,6218,2026-08-07 13:18:09.526852
Apache,Tika,True,True,2,1.0,3,19,24,"{'07/08/2026': {'connections': 2, 'uniq_ips': 1}}",CVE-2018-1335,41208,2026-08-07 13:18:09.521885
Oracle,Oracle Fusion Middleware (Identity Manager),True,True,2,1.0,2,2,2,"{'04/12/2025': {'connections': 2, 'uniq_ips': 1}}",CVE-2025-61757,2,2025-12-04 12:59:17.574112
FreePBX,FreePBX,True,True,2,1.0,9,25,15,"{'07/08/2026': {'connections': 2, 'uniq_ips': 1}}",CVE-2025-57819,3440,2026-08-07 13:18:09.614049
Gladinet,Gladinet CentreStack,True,True,2,1.0,2,31,16,"{'07/08/2026': {'connections': 2, 'uniq_ips': 1}}",CVE-2025-30406,3611,2026-08-07 13:18:09.665342
Synacor,Synacor Zimbra Collaboration Suite,True,True,2,2.0,2,2,2,"{'07/08/2026': {'connections': 2, 'uniq_ips': 2}}",CVE-2018-14013,2,2026-08-07 13:18:09.677264
Fortinet,FortiWeb,True,True,2,1.0,2,9,10,"{'07/08/2026': {'connections': 2, 'uniq_ips': 1}}",CVE-2021-22122,9147,2026-08-07 13:18:09.827405
XWiki,XWiki Platform,True,True,2,2.0,66,39,32,{},CVE-2025-24893,19393,2026-08-02 13:43:04.512756
Totolink,A3002RU,True,True,2,1.0,2,2,2,"{'06/12/2025': {'connections': 2, 'uniq_ips': 1}}",CVE-2018-13307,264,2025-12-06 12:51:22.434935
IceWhaleTech,ZimaOS,True,True,2,1.0,7,14,13,"{'07/08/2026': {'connections': 2, 'uniq_ips': 1}}",CVE-2026-21891,457,2026-08-07 13:18:09.616520
Mitel,"Mitel 6800 Series, 6900 Series, and 6900w Series SIP Phones, 6970 Conference Unit",True,True,2,1.0,2,53,20,"{'07/08/2026': {'connections': 2, 'uniq_ips': 1}}",CVE-2025-47188,360,2026-08-07 13:18:09.842947
Totolink,Totolink A720R,True,True,2,1.0,3,42,31,{},CVE-2025-4270,1841,2026-08-02 13:43:04.492940
VMware,vCenter,True,True,2,2.0,8,23,25,"{'07/08/2026': {'connections': 2, 'uniq_ips': 2}}",CVE-2021-22005,43940,2026-08-07 13:18:09.518505
ForgeRock,ForgeRock Access Manager,True,True,2,1.0,67,17,18,{},CVE-2021-35464,13057,2026-08-02 13:43:04.525545
Wordpress,Wordpress SureTriggers: All-in-One Automation Platform plugin,True,True,2,1.0,20,10,7,{},CVE-2025-3102,958,2026-07-31 03:36:34.351082
CWP,CWP (Control Web Panel),True,True,2,1.0,2,2,2,{},CVE-2025-48703,2,2025-08-16 12:50:50.372442
VMWare,vCenter Server,True,True,2,2.0,12,11,8,"{'07/08/2026': {'connections': 2, 'uniq_ips': 2}}",CVE-2021-21972,2744,2026-08-07 13:18:09.689599
NETGEAR,"WN604, WN802Tv2, WNAP210v2, WNAP320, WNDAP350, WNDAP360, and WNDAP660",True,True,2,1.0,5,42,75,"{'07/08/2026': {'connections': 2, 'uniq_ips': 1}}",CVE-2016-1555,123410,2026-08-07 13:18:09.689733
"Open Source Matters, Inc/Joomla community",Joomla,True,True,2,2.0,2,2,2,"{'01/08/2026': {'connections': 2, 'uniq_ips': 2}}",CVE-2015-8562,2,2026-07-31 03:36:34.313993
Jolokia,Jolokia,True,True,2,2.0,38,24,24,"{'06/08/2026': {'connections': 2, 'uniq_ips': 1}, '07/08/2026': {'connections': 2, 'uniq_ips': 1}}",CVE-2018-1000130,37017,2026-08-02 13:43:04.626264
MeiG,MeiG Smart FORGE_SLT711,True,True,2,1.0,2,17,137,{},CVE-2026-36356,33,2026-07-23 14:21:36.596534
Zoho,ManageEngine (multiple products),True,True,1,1.0,65,22,22,{},CVE-2022-47966,15059,2026-08-02 13:43:04.562223
Sangfor,Sangfor Operation and Maintenance Management System,True,True,1,1.0,4,8,9,"{'21/07/2026': {'connections': 1, 'uniq_ips': 1}}",CVE-2025-15503,197,2026-07-21 14:08:51.340104
Atlassian,JIRA,True,True,1,1.0,2,16,15,"{'06/08/2026': {'connections': 1, 'uniq_ips': 1}, '07/08/2026': {'connections': 1, 'uniq_ips': 1}}",CVE-2019-8451,23302,2026-07-15 03:13:36.231046
Microsoft,Open Management Infrastructure (OMI),True,True,1,1.0,41,22,24,{},CVE-2021-38647,21594,2026-08-02 13:43:04.571247
Symantec,Symantec Web Gateway 5.0.2.8,True,True,1,1.0,1,1,1,"{'01/09/2025': {'connections': 1, 'uniq_ips': 1}, '04/09/2025': {'connections': 1, 'uniq_ips': 1}, '05/09/2025': {'connections': 1, 'uniq_ips': 1}, '09/09/2025': {'connections': 1, 'uniq_ips': 1}, '10/09/2025': {'connections': 1, 'uniq_ips': 1}, '11/09/2025': {'connections': 1, 'uniq_ips': 1}, '07/11/2025': {'connections': 1, 'uniq_ips': 1}, '08/11/2025': {'connections': 1, 'uniq_ips': 1}, '17/11/2025': {'connections': 1, 'uniq_ips': 1}, '23/12/2025': {'connections': 1, 'uniq_ips': 1}, '24/12/2025': {'connections': 1, 'uniq_ips': 1}, '30/07/2026': {'connections': 1, 'uniq_ips': 1}}",CVE-2012-0297,10,2025-09-01 12:53:18.090574
HPE,HPE Smart Update Manager (SUM),True,True,1,1.0,9,22,26,"{'07/08/2026': {'connections': 1, 'uniq_ips': 1}}",CVE-2020-7136,4823,2026-08-07 13:18:09.633824
Zoho,ManageEngine ADAudit Plus,True,True,1,1.0,46,21,22,{},CVE-2022-28219,18018,2026-08-02 13:43:04.515169
Netis,Netis routers multiple models,True,True,1,1.0,1,27,34,"{'07/08/2026': {'connections': 1, 'uniq_ips': 1}}",CVE-2024-48455,15396,2026-08-07 13:18:09.531465
GitLab,GitLab CE/EE,True,True,1,1.0,2,16,14,"{'06/08/2026': {'connections': 1, 'uniq_ips': 1}, '07/08/2026': {'connections': 1, 'uniq_ips': 1}}",CVE-2021-4191,34402,2026-07-15 03:13:36.294720
Edimax,Edimax IC-7100,True,True,1,1.0,1,1,1,{},CVE-2025-1316,84,2026-05-23 03:56:48.832208
node-red-contrib-huemagic,node-red-contrib-huemagic (for Philips HUE,True,True,1,1.0,1,16,15,"{'20/07/2026': {'connections': 1, 'uniq_ips': 1}, '21/07/2026': {'connections': 1, 'uniq_ips': 1}}",CVE-2021-25864,4977,2026-07-09 15:26:00.816950
Aquatronica,Aquatronica Control System,True,True,1,1.0,2,5,11,"{'07/08/2026': {'connections': 1, 'uniq_ips': 1}}",CVE-2025-25037,450,2026-08-07 13:18:09.674045
ZEROF,ZEROF Web Server,True,True,1,1.0,1,1,1,{},CVE-2022-25322,18836,2026-07-06 04:14:06.330739
WebIQ,WebIQ,True,True,1,1.0,22,12,14,"{'06/08/2026': {'connections': 1, 'uniq_ips': 1}, '07/08/2026': {'connections': 1, 'uniq_ips': 1}}",CVE-2024-8752,5483,2026-07-31 03:36:34.146134
Void Sistemas,Aurall REC Monitor,True,True,1,1.0,4,22,19,{},CVE-2021-25899,24637,2026-07-15 03:13:36.294043
Wordpress,Wordpress Car Seller - Auto Classifieds Script plugin,True,True,1,1.0,8,21,21,"{'07/08/2026': {'connections': 1, 'uniq_ips': 1}}",CVE-2021-24285,25151,2026-08-07 13:18:09.523735
Spring,Spring Data Commons,True,True,1,1.0,82,50,44,{},CVE-2018-1273,80913,2026-08-02 13:43:04.635320
LG,LG AC Smart II,True,True,1,1.0,1,8,11,"{'07/08/2026': {'connections': 1, 'uniq_ips': 1}}",CVE-2025-10204,463,2026-08-07 13:18:09.827625
TopThink,ThinkPHP3,True,True,1,1.0,1,1,1,"{'15/07/2024': {'connections': 1, 'uniq_ips': 1}, '16/07/2024': {'connections': 1, 'uniq_ips': 1}, '02/11/2024': {'connections': 1, 'uniq_ips': 1}, '03/11/2024': {'connections': 1, 'uniq_ips': 1}, '22/05/2025': {'connections': 1, 'uniq_ips': 1}, '23/05/2025': {'connections': 1, 'uniq_ips': 1}, '24/07/2025': {'connections': 1, 'uniq_ips': 1}, '25/07/2025': {'connections': 1, 'uniq_ips': 1}, '11/08/2025': {'connections': 1, 'uniq_ips': 1}, '12/08/2025': {'connections': 1, 'uniq_ips': 1}, '27/08/2025': {'connections': 1, 'uniq_ips': 1}}",CVE-2021-44892,1,2024-07-16 06:01:18.743265
Journeyx,Journeyx,True,True,1,1.0,1,13,15,"{'07/08/2026': {'connections': 1, 'uniq_ips': 1}}",CVE-2024-6893,6065,2026-08-07 13:18:09.513125
VMware,vCenter Server,True,True,1,1.0,1,11,13,"{'07/08/2026': {'connections': 1, 'uniq_ips': 1}}",CVE-2021-22017,260,2026-08-07 13:18:09.663178
Oracle,Oracle Weblogic Server,True,True,1,1.0,9,41,151,"{'07/08/2026': {'connections': 1, 'uniq_ips': 1}}",CVE-2017-10271,123227,2026-08-07 13:18:09.839416
Micro Focus,Operations Bridge Reporter (OBR),True,True,1,1.0,1,37,67,"{'07/08/2026': {'connections': 1, 'uniq_ips': 1}}",CVE-2021-22502,92080,2026-08-07 13:18:09.543037
Chamilo,Chamilo,True,True,1,1.0,1,9,13,"{'07/08/2026': {'connections': 1, 'uniq_ips': 1}}",CVE-2023-4220,4172,2026-08-07 13:18:09.550317
WAVLINK,WAVLINK WL-WN533A8,True,True,1,1.0,3,15,29,"{'07/08/2026': {'connections': 1, 'uniq_ips': 1}}",CVE-2022-48164,8630,2026-08-07 13:18:09.506383
LiteLLM,LiteLLM,True,True,1,1.0,3,13,15,"{'07/08/2026': {'connections': 1, 'uniq_ips': 1}}",CVE-2024-6587,4978,2026-08-07 13:18:09.620261
Six Apart (Movable Type),Movable Type,True,True,1,1.0,8,23,23,"{'07/08/2026': {'connections': 1, 'uniq_ips': 1}}",CVE-2021-20837,38476,2026-08-07 13:18:09.676415
Supervisor,XML-RPC Server,True,True,1,1.0,1,2,2,"{'29/06/2026': {'connections': 1, 'uniq_ips': 1}, '03/07/2026': {'connections': 1, 'uniq_ips': 1}, '04/07/2026': {'connections': 1, 'uniq_ips': 1}, '05/07/2026': {'connections': 1, 'uniq_ips': 1}, '07/07/2026': {'connections': 1, 'uniq_ips': 1}}",CVE-2017-11610,4256,2026-06-29 16:00:10.504271
Progress,WS_FTP Server,True,True,1,1.0,1,1,1,"{'07/12/2025': {'connections': 1, 'uniq_ips': 1}}",CVE-2023-40044,20,2025-12-07 12:50:26.605995
Western Digital,MyCloud PR4100,True,True,1,1.0,1,1,1,"{'08/01/2026': {'connections': 1, 'uniq_ips': 1}}",CVE-2017-17560,406,2026-01-08 13:01:16.033612
QNAP,QTS and QuTS Hero,True,False,1,,1,1,1,,CVE-2023-39296,1,2024-03-25 12:01:19.197225
ABUS,ABUS TVIP 20000-21150,True,True,1,1.0,1,1,1,"{'06/02/2026': {'connections': 1, 'uniq_ips': 1}}",CVE-2023-26609,3,2025-02-15 12:39:22.937327
RedHat,JBoss,True,True,1,1.0,1,1,1,{},CVE-2017-12149,54,2026-07-15 03:13:36.137421
Zoho,ManageEngine OpManager,True,True,1,1.0,1,1,1,"{'13/09/2024': {'connections': 1, 'uniq_ips': 1}, '14/09/2024': {'connections': 1, 'uniq_ips': 1}}",CVE-2021-3287,1,2024-09-13 12:40:59.449443
Boa,Boa,True,True,1,1.0,3,7,17,"{'21/07/2026': {'connections': 1, 'uniq_ips': 1}}",CVE-2017-9833,5612,2026-07-21 14:08:51.364165
Ivanti,Avalanche,True,True,1,1.0,3,9,14,"{'07/08/2026': {'connections': 1, 'uniq_ips': 1}}",CVE-2024-38653,7724,2026-08-07 13:18:09.663604
PTZOptics,PTZOptics PT30X-SDI/NDI-xx,True,True,1,1.0,1,1,1,{},CVE-2024-8957,18,2026-07-31 03:36:34.309067
EyesOfNetwork,EyesOfNetwork,True,True,1,1.0,10,28,34,"{'07/08/2026': {'connections': 1, 'uniq_ips': 1}}",CVE-2020-8656,1308,2026-08-07 13:18:09.624206
Apache,Struts,True,True,1,1.0,10,359,304,"{'07/08/2026': {'connections': 1, 'uniq_ips': 1}}",CVE-2017-9805,67383,2026-08-07 13:18:09.546285
Grafana,Grafana,True,True,1,1.0,2,14,27,"{'07/08/2026': {'connections': 1, 'uniq_ips': 1}}",CVE-2021-27358,1111,2026-08-07 13:18:09.837177
OneDev,OneDev,True,True,1,1.0,3,12,20,"{'07/08/2026': {'connections': 1, 'uniq_ips': 1}}",CVE-2024-45309,690,2026-08-07 13:18:09.628277
Ruijie Networks,NBR,True,True,1,1.0,57,27,22,{},CVE-2020-36870,1399,2026-08-02 13:43:04.619612
Wordpress,Wordpress Plugin drag-and-drop-multiple-file-upload-contact-form-7,True,True,1,1.0,12,29,33,"{'07/08/2026': {'connections': 1, 'uniq_ips': 1}}",CVE-2020-12800,58049,2026-08-07 13:18:09.525087
D-Link/TRENDnet,D-Link/TRENDnet multiple devices,True,True,1,1.0,1,1,1,"{'24/09/2024': {'connections': 1, 'uniq_ips': 1}, '27/11/2024': {'connections': 1, 'uniq_ips': 1}, '28/11/2024': {'connections': 1, 'uniq_ips': 1}, '23/06/2025': {'connections': 1, 'uniq_ips': 1}}",CVE-2015-1187,1,2024-09-24 12:45:04.005089
Bonitasoft,Bonitasoft,True,True,1,1.0,1,1,1,"{'30/05/2026': {'connections': 1, 'uniq_ips': 1}, '06/06/2026': {'connections': 1, 'uniq_ips': 1}, '07/06/2026': {'connections': 1, 'uniq_ips': 1}}",CVE-2022-25237,1275,2026-05-30 13:55:59.671450
Endress+Hauser,WirelessHART Fieldgate SWG70,True,True,1,1.0,2,12,16,"{'07/08/2026': {'connections': 1, 'uniq_ips': 1}}",CVE-2018-16059,27560,2026-08-07 13:18:09.640919
Wordpress,Wordpress Perfect Survey plugin,True,True,1,1.0,8,16,19,"{'07/08/2026': {'connections': 1, 'uniq_ips': 1}}",CVE-2021-24762,25546,2026-08-07 13:18:09.530633
Apache,ColdFusion,True,True,1,1.0,6,30,30,"{'07/08/2026': {'connections': 1, 'uniq_ips': 1}}",CVE-2018-15961,53688,2026-08-07 13:18:09.663338
acmailer,acmailer,True,True,1,1.0,1,21,22,"{'07/08/2026': {'connections': 1, 'uniq_ips': 1}}",CVE-2021-20617,2298,2026-08-07 13:18:09.433879
QNAP,QNAP NAS devices running Photo Station,True,True,1,1.0,10,169,124,"{'07/08/2026': {'connections': 1, 'uniq_ips': 1}}",CVE-2019-7192,175323,2026-08-07 13:18:09.689063
NSFOCUS,NSFOCUS SecGate3600 Firewall,True,True,1,1.0,1,1,1,"{'25/10/2025': {'connections': 1, 'uniq_ips': 1}, '06/12/2025': {'connections': 1, 'uniq_ips': 1}, '07/12/2025': {'connections': 1, 'uniq_ips': 1}}",CVE-2023-7308,1,2025-10-25 12:47:59.001063
Schneider Electric,"EVlink City, Parking and Smart Wallbox",True,True,1,1.0,9,20,21,"{'07/08/2026': {'connections': 1, 'uniq_ips': 1}}",CVE-2021-22707,41795,2026-08-07 13:18:09.535821
Wordpress,Wordpress Core,True,True,1,1.0,1,1,1,"{'20/08/2025': {'connections': 1, 'uniq_ips': 1}, '22/10/2025': {'connections': 1, 'uniq_ips': 1}, '23/10/2025': {'connections': 1, 'uniq_ips': 1}, '17/12/2025': {'connections': 1, 'uniq_ips': 1}, '18/12/2025': {'connections': 1, 'uniq_ips': 1}}",CVE-2022-21661,117,2025-08-20 12:53:31.109648
OpenAPI Tools,OpenAPI Generator,True,True,1,1.0,1,12,26,"{'07/08/2026': {'connections': 1, 'uniq_ips': 1}}",CVE-2024-35219,7664,2026-08-07 13:18:09.658790
IBM,BigFix,True,True,1,1.0,1,1,1,"{'07/12/2025': {'connections': 1, 'uniq_ips': 1}}",CVE-2019-4061,18187,2025-12-07 12:50:26.666458
SpectoLabs,HoverFly,True,True,1,1.0,3,11,13,"{'07/08/2026': {'connections': 1, 'uniq_ips': 1}}",CVE-2024-45388,5349,2026-08-07 13:18:09.685762
Citrix,"Citrix ADC, Citrix Gateway, Citrix SDWAN WAN-OP",True,True,1,1.0,1,29,61,"{'07/08/2026': {'connections': 1, 'uniq_ips': 1}}",CVE-2020-8191,91079,2026-08-07 13:18:09.434404
Alfresco,Alfresco Community Edition (Alfresco Share),True,True,1,1.0,1,16,16,"{'06/08/2026': {'connections': 1, 'uniq_ips': 1}, '07/08/2026': {'connections': 1, 'uniq_ips': 1}}",CVE-2019-14223,27259,2026-07-15 03:13:36.094904
Comtrend,Comtrend VR-3033,True,True,1,1.0,2,89,42,"{'07/08/2026': {'connections': 1, 'uniq_ips': 1}}",CVE-2020-10173,11024,2026-08-07 13:18:09.517746
PrestaShop,Attribute Wizard addon for PrestaShop,True,True,1,1.0,7,32,30,"{'07/08/2026': {'connections': 1, 'uniq_ips': 1}}",CVE-2018-10942,44833,2026-08-07 13:18:09.547019
Apache,OFBiz,True,True,1,1.0,3,14,15,"{'07/08/2026': {'connections': 1, 'uniq_ips': 1}}",CVE-2024-45195,6896,2026-08-07 13:18:09.629618
Wordpress,Wordpress Plugin File Manager,True,True,1,1.0,3,3,2,{},CVE-2020-25213,1089,2026-07-15 03:13:36.208836
Drupal,Drupal,True,True,1,1.0,4,55,56,"{'07/08/2026': {'connections': 1, 'uniq_ips': 1}}",CVE-2018-7600,69416,2026-08-07 13:18:09.695828
Totolink,Totolink EX1800T,True,True,1,1.0,1,10,13,"{'07/08/2026': {'connections': 1, 'uniq_ips': 1}}",CVE-2024-34257,7779,2026-08-07 13:18:09.674353
HuangDou,HuangDou UTCMS,True,True,1,1.0,1,1,1,"{'19/02/2025': {'connections': 1, 'uniq_ips': 1}}",CVE-2024-9916,1,2025-02-19 12:41:53.439110
Wordpress,Web To Print Shop : uDraw plugin,True,True,1,1.0,7,20,19,"{'20/07/2026': {'connections': 1, 'uniq_ips': 1}, '21/07/2026': {'connections': 1, 'uniq_ips': 1}}",CVE-2022-0656,11037,2026-07-15 03:13:36.095394
Netis,Netis DL4323,True,True,1,1.0,6,6,6,"{'06/08/2026': {'connections': 1, 'uniq_ips': 1}, '07/08/2026': {'connections': 1, 'uniq_ips': 1}}",CVE-2019-20074,1797,2026-07-23 14:21:36.791417
Oracle,BI Publisher (Oracle Fusion Middleware),True,True,1,1.0,1,10,6,"{'07/08/2026': {'connections': 1, 'uniq_ips': 1}}",CVE-2019-2768,5784,2026-08-07 13:18:09.629453
Cisco,Cisco ASA and Cisco Firepower Threat Defense,True,True,1,1.0,1,21,18,"{'07/08/2026': {'connections': 1, 'uniq_ips': 1}}",CVE-2020-3580,46309,2026-08-07 13:18:09.680816
F5,BIG-IP,True,True,1,1.0,1,1,1,"{'05/03/2025': {'connections': 1, 'uniq_ips': 1}}",CVE-2022-41800,1,2025-03-05 12:46:38.280641
D-Link,D-Link IP Cameras,True,True,1,1.0,1,1,1,{},CVE-2013-1599,1647,2026-05-23 03:56:48.963227
Wordpress,Wordpress Time Clock plugin and Time Clock Pro plugin,True,True,1,1.0,1,1,1,"{'09/09/2025': {'connections': 1, 'uniq_ips': 1}, '10/09/2025': {'connections': 1, 'uniq_ips': 1}}",CVE-2024-9593,1,2025-09-09 12:53:41.609131
Cisco,Cisco RV320/RV325,True,True,1,1.0,1,1,1,{},CVE-2019-1652,42,2026-05-23 03:56:48.754075
Wordpress,Wordpress Country Selector plugin,True,True,1,1.0,1,10,13,"{'07/08/2026': {'connections': 1, 'uniq_ips': 1}}",CVE-2022-28290,351,2026-08-07 13:18:09.827984
Seagate,BlackArmor NAS,True,True,1,1.0,5,45,40,"{'07/08/2026': {'connections': 1, 'uniq_ips': 1}}",CVE-2014-3206,337505,2026-08-07 13:18:09.634830
Citrix,"Citrix ADC, Citrix Gateway, Citrix SDWAN WAN-OP",True,True,1,1.0,1,328,274,"{'07/08/2026': {'connections': 1, 'uniq_ips': 1}}",CVE-2020-8193,485045,2026-08-07 13:18:09.645840
OpenMRS,OpenMRS,True,True,1,1.0,2,29,27,"{'07/08/2026': {'connections': 1, 'uniq_ips': 1}}",CVE-2018-19276,6348,2026-08-07 13:18:09.522896
Juniper,Junos OS (J-Web),True,True,1,1.0,1,12,69,"{'07/08/2026': {'connections': 1, 'uniq_ips': 1}}",CVE-2022-22242,9967,2026-08-07 13:18:09.697960
Rocket.Chat,Rocket.Chat,True,True,1,1.0,3,12,16,"{'07/08/2026': {'connections': 1, 'uniq_ips': 1}}",CVE-2024-39713,5976,2026-08-07 13:18:09.624550
Ruckus,Ruckus Wireless Admin,True,True,1,1.0,1,1,1,{},CVE-2023-25717,391,2026-05-23 03:56:48.855641
Seiko,Seiko Skybridge MB-A200 series,True,True,0,0.0,0,0,81,{},CVE-2022-36559,379,2025-09-07 12:44:00.467021
Totolink,Totolink N600R,True,True,0,0.0,0,0,10,{},CVE-2022-26186,248,2026-05-08 14:05:37.905011
Totolink,Totolink A3002R,True,True,0,0.0,4,149,149,{},CVE-2025-6485,536,2026-02-14 13:05:03.871349
D-Link,D-Link DIR-859,True,True,0,0.0,49,22,210,{},CVE-2019-17621,16588,2026-03-09 13:21:11.309462
Thruk,Thruk,True,True,0,0.0,19,11,9,{},CVE-2022-23961,15638,2026-07-31 03:36:34.185701
rConfig,rConfig,True,True,0,0.0,64,21,18,{},CVE-2019-16662,17495,2026-08-02 13:43:04.633957
TopThink,ThinkPHP,True,True,0,0.0,25,15,21,{},CVE-2022-47945,6631,2026-07-31 03:36:34.258507
Totolink,TOTOLINK Realtek SDK based routers,True,True,0,0.0,80,146,59,{},CVE-2019-19824,68709,2026-08-02 13:43:04.664605
Sonatype,Nexus Repository Manager,True,True,0,0.0,76,23,26,{},CVE-2019-7238,43424,2026-08-02 13:43:04.633658
Citrix,Citrix SD-WAN and NetScaler SD-WAN,True,True,0,0.0,80,22,25,{},CVE-2019-12989,3369,2026-08-02 13:43:04.555889
Wordpress,Wordpress Directorist plugin,True,True,0,0.0,15,9,10,{},CVE-2022-2376,5147,2026-07-31 03:36:34.257056
Apache,Solr,True,True,0,0.0,0,2,2,{},CVE-2019-0193,149,2026-04-16 03:34:29.473815
D-Link,DIR-868L/DIR-817LW,True,True,0,0.0,8,31,33,{},CVE-2019-17506,47744,2026-08-07 13:18:09.427895
Lansweeper,Lansweeper,True,True,0,0.0,13,8,16,{},CVE-2019-13462,3304,2026-07-31 03:36:34.313054
Xiaomi,Xiaomi Mi WiFi R3G,True,True,0,0.0,10,5,14,{},CVE-2019-18371,3561,2026-07-31 03:36:34.320822
Microchip Technology (Microsemi),SyncServer,True,True,0,0.0,54,22,21,{},CVE-2022-40022,15885,2026-08-02 13:43:04.626752
Wordpress,Wordpress FormCraft plugin,True,True,0,0.0,0,5,3,{},CVE-2022-0591,972,2026-05-25 15:22:01.097529
Wordpress,Wordpress Easy WP SMTP plugin,True,True,0,0.0,9,24,23,{},CVE-2019-25141,655,2026-08-07 13:18:09.624865
Linear,eMerge E3-Series,True,True,0,0.0,44,16,16,{},CVE-2022-46381,13106,2026-07-31 03:36:34.394605
Sitecore,Sitecore CMS/XP,True,True,0,0.0,46,19,22,{},CVE-2019-9874,698,2026-08-02 13:43:04.519413
Wordpress,Wordpress Users Ultra plugin,True,True,0,0.0,37,17,21,{},CVE-2022-0769,15461,2026-08-02 13:43:04.568420
Temenos,Temenos T24,True,True,0,0.0,17,9,35,{},CVE-2019-14251,12301,2026-07-31 03:36:34.267052
PHPSHE,PHPSHE,True,True,0,0.0,0,24,9,{},CVE-2019-9762,10630,2026-08-07 13:18:09.695113
Ignite Realtime,Openfire,True,True,0,0.0,23,11,15,{},CVE-2019-18394,9519,2026-07-31 03:36:34.391016
D-Link,D-Link DIR-823X,True,True,0,0.0,1349,761,384,{},CVE-2025-29635,39,2026-07-14 03:14:37.695467
SAP,"NetWeaver Application Server ABAP, SAP NetWeaver Application Server Java, ABAP Platform, SAP Content Server 7.53 and SAP Web Dispatcher",True,True,0,0.0,31,11,18,{},CVE-2022-22536,1391,2026-08-02 13:43:04.504091
Citrix,Citrix SD-WAN and NetScaler SD-WAN,True,True,0,0.0,65,22,27,{},CVE-2019-12990,77846,2026-08-02 13:43:04.634887
CrushFTP,CrushFTP,True,True,0,0.0,0,12,276,{},CVE-2025-54309,12383,2026-08-07 13:18:09.522746
WAVLINK,WAVLINK WL-WN531P3,True,True,0,0.0,0,0,84,{},CVE-2022-23900,395,2025-09-07 12:44:00.535002
Citrix,Citrix SD-WAN and NetScaler SD-WAN,True,True,0,0.0,73,23,28,{},CVE-2019-12986,70779,2026-08-02 13:43:04.568236
Cisco,Cisco ASA and Cisco Firepower Threat Defense,True,True,0,0.0,4,3,18,{},CVE-2025-20362,855,2026-07-31 03:36:34.196812
Citrix,Citrix SD-WAN and NetScaler SD-WAN,True,True,0,0.0,72,31,23,{},CVE-2019-12987,251070,2026-08-02 13:43:04.504853
Totolink,"A3100R, A810R, A830R, A860R, A950RG, A3100R, T6, and T10 routers",True,False,0,,0,0,1,,CVE-2022-25075,0,2024-03-12 10:43:50.953618
D-Link,D-Link Central WiFi Manager CWM(100),True,True,0,0.0,91,25,26,{},CVE-2019-13372,4481,2026-08-02 13:43:04.572820
C-DATA,C-DATA Web Management System,True,True,0,0.0,20,176,92,{},CVE-2022-4257,2575,2026-07-21 14:08:51.236558
mongo-express,mongo-express,True,True,0,0.0,104,22,23,{},CVE-2019-10758,35565,2026-08-02 13:43:04.494399
Oracle,Oracle Weblogic Server,True,True,0,0.0,0,0,80,{},CVE-2019-2618,394,2025-09-07 12:44:00.604000
Oracle,Oracle Weblogic Server,True,True,0,0.0,11,34,46,{},CVE-2019-2725,136411,2026-08-07 13:18:09.670521
LB-LINK,LB-LINK routers (multiple),True,True,0,0.0,0,2,2,{},CVE-2025-45988,2,2025-12-15 13:01:17.345229
SpectoLabs,HoverFly,True,True,0,0.0,104,25,17,{},CVE-2025-54123,1443,2026-08-02 13:43:04.557616
Schneider Electric,Pelco Endura NET55XX Encoder,True,False,0,,0,0,2,,CVE-2019-6814,0,2024-03-12 10:43:50.939218
Totolink,Totolink N600R,True,True,0,0.0,0,0,103,{},CVE-2022-28906,296,2025-10-12 12:45:43.451539
i3Geo,i3Geo,True,True,0,0.0,0,0,51,{},CVE-2022-32409,244,2025-09-07 12:44:00.478137
Ignite Realtime,Openfire,True,True,0,0.0,1,11,9,{},CVE-2019-18393,3398,2026-07-14 03:14:37.654930
vBulletin,vBulletin,True,True,0,0.0,1,1,1,{},CVE-2025-48827,2,2026-08-02 13:43:04.505384
Wordpress,Wordpress EventON plugin,True,True,0,0.0,9,5,9,{},CVE-2023-2796,5375,2026-07-31 03:36:34.397231
Wordpress,Wordpress HTML2WP plugin,True,True,0,0.0,42,16,23,{},CVE-2022-1574,2180,2026-08-02 13:43:04.506479
Wordpress,Wordpress BackupBuddy plugin,True,True,0,0.0,4,3,6,{},CVE-2022-31474,217,2025-12-15 13:01:17.366474
Oracle,Oracle E-Business Suite (Oracle Web Applications Desktop Integrator),True,True,0,0.0,44,44,49,{},CVE-2022-21587,41727,2026-05-17 13:47:27.631692
Wordpress,Wordpress InPost Gallery plugin,True,True,0,0.0,34,9,16,{},CVE-2022-4063,4678,2026-07-31 03:36:34.159116
AVM,Fritz!Box,True,True,0,0.0,0,15,15,{},CVE-2014-9727,235,2025-11-01 12:48:51.444004
Wordpress,Wordpress Admin Word Count Column plugin,True,True,0,0.0,15,10,19,{},CVE-2022-1390,5337,2026-07-31 03:36:34.204254
VoIPmonitor,VoIPmonitor,True,True,0,0.0,40,16,21,{},CVE-2022-24260,14706,2026-08-02 13:43:04.632223
Easy!Appointments,Easy!Appointments,True,True,0,0.0,3,3,3,{},CVE-2022-0482,269,2026-05-17 13:47:27.616068
dotCMS,dotCMS,True,True,0,0.0,40,18,26,{},CVE-2022-26352,20093,2026-08-02 13:43:04.572648
VMware,"Workspace ONE Access, Identity Manager and vRealize Automation",True,True,0,0.0,16,9,17,{},CVE-2022-31656,10757,2026-07-31 03:36:34.391311
Apache,APISIX,True,True,0,0.0,53,22,28,{},CVE-2022-24112,22947,2026-08-02 13:43:04.621645
Terramaster,TOS,True,True,0,0.0,3,20,50,{},CVE-2022-24990,23427,2026-08-07 13:18:09.695275
Zhone,zNID GPON 2426A,True,True,0,0.0,1,1,9,{},CVE-2014-9118,1078,2026-07-15 03:13:36.215293
ZTE,"ZTE F460,F660",True,True,0,0.0,3,12,11,{},CVE-2014-2321,1302,2026-07-31 03:36:34.327193
Wordpress,Wordpress WP Video Gallery plugin,True,True,0,0.0,37,18,25,{},CVE-2022-0826,16143,2026-08-02 13:43:04.622033
Nexxt,Amp300 ARN02304U8,True,True,0,0.0,0,0,209,{},CVE-2022-44149,3466,2025-11-18 12:55:38.715191
Reprise,Reprise License Manager,True,True,0,0.0,17,9,10,{},CVE-2022-28365,1013,2026-07-31 03:36:34.183236
WAVLINK,WAVLINK WN535K2 and WN535K3,True,True,0,0.0,54,22,23,{},CVE-2022-2486,56790,2026-08-02 13:43:04.523759
Wordpress,Wordpress Visual Form Builder plugin,True,True,0,0.0,9,11,15,{},CVE-2022-0142,695,2026-08-07 13:18:09.430839
Atlassian,Bitbucket,True,True,0,0.0,0,2,2,{},CVE-2022-36804,811,2026-03-07 13:02:32.248886
Razer,Razer Sila,True,True,0,0.0,0,160,130,{},CVE-2022-29013,292,2026-02-27 13:14:54.855419
College Management System,College Management System v1.0,True,True,0,0.0,9,9,17,{},CVE-2022-28079,10729,2026-08-02 13:43:04.632792
GNU,GNU Bash,True,True,0,0.0,0,0,39,{},CVE-2014-6271,479,2025-10-12 12:45:43.458541
Apache,ActiveMQ,True,True,0,0.0,19,34,111,{},CVE-2026-34197,5250,2026-08-07 13:18:09.615518
Wordpress,Wordpress Fontsy plugin,True,True,0,0.0,41,19,21,{},CVE-2022-4447,13525,2026-08-02 13:43:04.625381
Infiray,Infiray IRAY-A8Z3,True,True,0,0.0,0,0,6,{},CVE-2022-31208,217,2026-05-08 14:05:37.696380
Hytec Inter,Hytec Inter HWL-2511-SS,True,True,0,0.0,0,1,1,{},CVE-2022-36553,61,2026-06-23 15:15:52.088660
Adobe,Adobe ColdFusion,True,True,0,0.0,1,1,1,{},CVE-2026-48313,0,2026-08-07 13:18:09.664262
Guralp,Guralp MAN-EAM-0003,True,True,0,0.0,6,9,17,{},CVE-2022-38840,1872,2026-08-02 13:43:04.558678
Node.js,Node.js (ejs),True,True,0,0.0,46,26,24,{},CVE-2022-29078,49659,2026-08-02 13:43:04.514412
Dynamicweb Software,Dynamicweb,True,True,0,0.0,21,7,14,{},CVE-2022-25369,18874,2026-07-31 03:36:34.388093
Zeroshell,Zeroshell Linux Router,True,True,0,0.0,14,7,24,{},CVE-2009-0545,12009,2026-07-31 03:36:34.227063
perfSONAR,perfSONAR,True,True,0,0.0,21,9,16,{},CVE-2022-41412,1524,2026-07-31 03:36:34.393677
Wordpress,Wordpress BadgeOS plugin,True,True,0,0.0,42,18,21,{},CVE-2022-2958,15123,2026-08-02 13:43:04.653658
Kyocera,Kyocera Multifunction Printers,True,True,0,0.0,3,8,17,{},CVE-2022-1026,3701,2026-08-07 13:18:09.548650
Wordpress,Wordpress Product Table for WooCommerce (wooproducttable) plugin,True,True,0,0.0,56,19,22,{},CVE-2022-1020,13262,2026-08-02 13:43:04.521351
Elastic,Elasticsearch,True,True,0,0.0,0,0,1,{},CVE-2014-3120,25,2025-08-28 12:51:48.544577
Microweber,Microweber,True,True,0,0.0,24,13,11,{},CVE-2022-1439,16184,2026-07-31 03:36:34.252019
NETGEAR,NETGEAR ProSafe FVS336Gv2/FVS336Gv3,True,True,0,0.0,35,18,23,{},CVE-2022-29383,22665,2026-08-02 13:43:04.620177
IBAX,go-ibax,True,True,0,0.0,6,10,18,{},CVE-2022-3801,11056,2026-08-02 13:43:04.669140
Wordpress,"Wordpress Free Booking Plugin for Hotels, Restaurant and Car Rental (eaSYNC)",True,True,0,0.0,39,18,27,{},CVE-2022-1952,17610,2026-08-02 13:43:04.515362
Atlassian,JIRA,True,True,0,0.0,5,9,13,{},CVE-2022-39960,7788,2026-07-21 14:08:51.218794
Smart Office Payroll,Smart Office Web,True,True,0,0.0,16,7,16,{},CVE-2022-47075,1713,2026-07-31 03:36:34.175411
Fortinet,FortiNAC,True,True,0,0.0,40,20,23,{},CVE-2022-39952,23740,2026-08-02 13:43:04.653953
Wazuh,Wazuh,True,True,0,0.0,70,47,40,{},CVE-2025-24016,6526,2026-05-24 13:50:03.919149
Totolink,Totolink N600R,True,True,0,0.0,6,6,6,{},CVE-2022-28912,1,2026-05-09 13:41:38.457787
Oracle,Oracle E-Business Suite (Oracle Concurrent Processing),True,True,0,0.0,15,61,59,{},CVE-2025-61882,15502,2026-07-31 03:36:34.272433
Wordpress,Wordpress Booking Calendar plugin,True,True,0,0.0,0,0,2,{},CVE-2022-3982,142,2026-04-04 13:12:17.493144
YouPHPTube,YouPHPTube Encoder,True,True,0,0.0,69,24,28,{},CVE-2019-5127,72079,2026-08-02 13:43:04.659462
pfSense,pfSense pfBlockerNG,True,True,0,0.0,38,14,18,{},CVE-2022-31814,1307,2026-08-02 13:43:04.565334
Zoho,"ManageEngine OpManager OpManager Plus, OpManager MSP, Network Configuration Manager, NetFlow Analyzer, Firewall Analyzer, and OpUtils",True,True,0,0.0,4,11,18,{},CVE-2022-36923,1777,2026-07-21 14:08:51.400746
Reprise,Reprise License Manager,True,True,0,0.0,32,10,11,{},CVE-2022-28363,950,2026-07-31 03:36:34.323759
Linksys,"Linksys RE6250, RE6300, RE6350, RE6500, RE7000 and RE9000",True,True,0,0.0,4,136,136,{},CVE-2025-8829,511,2026-02-14 13:05:03.934427
CuppaCMS,CuppaCMS,True,True,0,0.0,7,11,19,{},CVE-2022-25486,10964,2026-08-02 13:43:04.504947
Wordpress,Sitemap by click5 WordPress plugin,True,True,0,0.0,11,14,37,{},CVE-2022-0952,27889,2026-08-02 13:43:04.663145
Hikvision,Management-Platform,True,True,0,0.0,236,40,18,{},CVE-2025-34067,339,2026-08-02 13:43:04.618668
Grafana,Grafana,True,True,0,0.0,32,14,5,{},CVE-2025-3415,1012,2026-07-31 03:36:34.331502
OptiLink,ONT1GEW,True,True,0,0.0,12,10,11,{},CVE-2025-34049,366,2026-07-31 03:36:34.243442
VMware,Workspace ONE Access and Identity Manager,True,True,0,0.0,1,1,18,{},CVE-2022-22954,31760,2026-06-03 17:03:40.543178
Dairy Farm Shop Management System,Dairy Farm Shop Management System v1.0,True,True,0,0.0,39,16,24,{},CVE-2022-29007,16536,2026-08-02 13:43:04.635638
Wordpress,Wordpress Welcart eCommerce plugin,True,True,0,0.0,40,18,17,{},CVE-2022-41840,5202,2026-08-02 13:43:04.513892
Nest,Nest,True,True,0,0.0,114,25,18,{},CVE-2025-54782,2268,2026-08-02 13:43:04.527660
Apache,Struts,True,True,0,0.0,6,7,7,{},CVE-2025-68493,9,2026-07-31 03:36:34.260939
Cacti,Cacti,True,True,0,0.0,1,3,3,{},CVE-2022-46169,36245,2026-07-15 03:13:36.262957
Sitecore,"Sitecore Experience Manager (XM), Experience Platform (XP), Experience Commerce (XC)",True,True,0,0.0,27,14,11,{},CVE-2025-34509,862,2026-07-31 03:36:34.384607
Adobe,Adobe Commerce (Magento),False,True,0,,0,2,15,,CVE-2022-24086,0,2024-03-12 10:43:50.942002
Gargoyle,Gargoyle Router,True,True,0,0.0,0,0,7,{},CVE-2015-10145,7,2026-05-08 14:05:37.692808
Kaseya,VSA,True,True,0,0.0,24,10,10,{},CVE-2015-2863,6658,2026-07-31 03:36:34.369577
HashiCorp,Consul and Consul Enterprise,True,True,0,0.0,7,10,22,{},CVE-2022-29153,13067,2026-08-02 13:43:04.651531
Elastic,Elasticsearch,True,True,0,0.0,185,58,44,{},CVE-2015-1427,69086,2026-08-02 13:43:04.506668
Roxy-WI,Roxy-WI,True,True,0,0.0,54,21,22,{},CVE-2022-31126,17025,2026-08-02 13:43:04.505863
Western Digital,MyCloud NAS,True,True,0,0.0,96,32,27,{},CVE-2016-10108,37835,2026-08-02 13:43:04.554846
Wordpress,Wordpress SpeakOut! Email Petitions plugin,True,True,0,0.0,38,16,20,{},CVE-2022-0846,15463,2026-08-02 13:43:04.619070
VMware,VMware Workspace ONE Access,True,True,0,0.0,41,18,28,{},CVE-2022-22956,1411,2026-08-02 13:43:04.568884
F5,BIG-IP,True,True,0,0.0,2,2,3,{},CVE-2016-5700,683,2026-05-16 03:48:40.786315
Apache,Spark,True,True,0,0.0,9,26,18,{},CVE-2022-33891,10941,2026-06-29 16:00:10.416370
Crestron,Crestron HD-MD4X2-4K-E,True,True,0,0.0,8,14,18,{},CVE-2022-23178,10334,2026-08-07 13:18:09.504137
D-Link,DCS-930L,True,True,0,0.0,1145,1145,766,{},CVE-2016-11021,3477,2026-07-15 03:13:36.096599
Sophos,Sophos Mobile,True,True,0,0.0,43,21,22,{},CVE-2022-3980,14357,2026-08-02 13:43:04.561763
Wordpress,Wordpress Infographic Maker plugin,True,True,0,0.0,36,18,26,{},CVE-2022-0747,16363,2026-08-02 13:43:04.625472
Argo Project,Argo CD,True,True,0,0.0,14,9,6,{},CVE-2025-55190,331,2026-07-31 03:36:34.262701
3CX,3CX Phone System Management Console,True,True,0,0.0,26,14,19,{},CVE-2022-28005,8930,2026-07-31 03:36:34.270980
Wordpress,Wordpress Likes and Dislikes plugin,True,True,0,0.0,63,13,13,{},CVE-2025-5287,1916,2026-07-31 03:36:34.367568
Revive,Revive Adserver,True,True,0,0.0,70,23,27,{},CVE-2019-5434,835,2026-08-02 13:43:04.633874
YouPHPTube,YouPHPTube Encoder,True,True,0,0.0,137,41,43,{},CVE-2019-5128,82555,2026-08-02 13:43:04.569617
SysAid,SysAid On-Premise,True,True,0,0.0,5,8,11,{},CVE-2025-2775,2518,2026-07-09 15:26:00.992011
Parse Community,Parse Server,True,True,0,0.0,7,22,16,{},CVE-2025-53364,635,2026-07-08 03:29:58.726068
Tenda,Tenda 03V2,True,True,0,0.0,342,346,339,{},CVE-2025-7414,14703,2026-01-07 02:12:33.191307
Sonatype,Nexus Repository Manager,True,True,0,0.0,0,30,8,{},CVE-2020-10199,2531,2026-08-02 13:43:04.515722
Myucms,Myucms,True,True,0,0.0,40,18,17,{},CVE-2020-21650,15974,2026-07-31 03:36:34.207676
Tenda,AC15/AC1900,True,True,0,0.0,0,0,51,{},CVE-2020-15916,62,2024-11-27 12:48:49.171041
Oracle,Oracle Business Intelligence (Oracle Fusion Middleware,True,True,0,0.0,4,6,24,{},CVE-2020-14864,7641,2026-08-02 13:43:04.508569
JSONPath-Plus,JSONPath-plus,True,True,0,0.0,114,25,16,{},CVE-2025-1302,716,2026-08-02 13:43:04.505651
Zimbra,Zimbra Collaboration Suite,True,True,0,0.0,17,109,57,{},CVE-2025-68645,3999,2026-07-31 03:36:34.261648
Mirko BÃ¶er Software Development,SuperWebMailer,True,True,0,0.0,81,24,24,{},CVE-2020-11546,37825,2026-08-02 13:43:04.513979
Cisco,Cisco Prime Infrastructure (PI) and Cisco Evolved Programmable Network (EPN),True,True,0,0.0,76,23,27,{},CVE-2019-1821,51100,2026-08-02 13:43:04.653551
IBM,Maximo Asset Management,True,True,0,0.0,13,15,34,{},CVE-2020-4463,91535,2026-08-02 13:43:04.572927
ThinkAdmin,ThinkAdmin,True,True,0,0.0,0,111,197,{},CVE-2020-25540,1066,2024-11-09 12:39:16.843345
i7MEDIA,mojoPortal,True,True,0,0.0,19,7,10,{},CVE-2025-28367,589,2026-07-31 03:36:34.324000
Revive,Revive Adserver,True,True,0,0.0,17,7,9,{},CVE-2020-8115,6444,2026-07-31 03:36:34.244406
Seowon Intech,"Seowon SLC-130, SLR-120S",True,True,0,0.0,67,24,27,{},CVE-2020-17456,53471,2026-08-02 13:43:04.495395
NETGEAR,NETGEAR D6400,True,True,0,0.0,4,146,146,{},CVE-2025-7407,525,2026-02-14 13:05:03.953730
rConfig,rConfig,True,True,0,0.0,4,15,13,{},CVE-2020-10548,6618,2026-07-14 03:14:37.662618
OpenTSDB,OpenTSDB,True,True,0,0.0,21,9,17,{},CVE-2020-35476,27795,2026-07-31 03:36:34.276669
Guangzhou,Guangzhou 1GE ONU (GPON),True,True,0,0.0,1,3,3,{},CVE-2020-8958,1695,2026-06-15 17:23:39.683837
Mitel,MiCollab AWV,True,True,0,0.0,18,11,11,{},CVE-2020-11798,3702,2026-07-31 03:36:34.182051
Geoserver,Geoserver,True,True,0,0.0,886,1934,2231,{},CVE-2025-30220,55510,2026-07-14 03:14:37.488903
Grafana,Grafana,True,True,0,0.0,1,46,37,{},CVE-2020-13379,13027,2026-07-08 14:30:41.203239
phpMyFAQ,phpMyFAQ,True,True,0,0.0,18,9,14,{},CVE-2025-69200,736,2026-07-31 03:36:34.351850
PHP-Fusion,PHP-Fusion,True,True,0,0.0,12,7,15,{},CVE-2020-24949,8300,2026-07-31 03:36:34.166474
HPE,LinuxKI,True,True,0,0.0,12,42,34,{},CVE-2020-7209,14457,2026-07-31 03:36:34.182774
TerraMaster,TOS,True,True,0,0.0,70,26,28,{},CVE-2020-15568,60544,2026-08-02 13:43:04.649956
D-Link,D-Link DIR-825,True,True,0,0.0,0,0,1,{},CVE-2020-29557,128,2025-12-30 12:58:50.762813
Wordpress,Wordpress Duplicator plugin,True,True,0,0.0,4,41,47,{},CVE-2020-11738,22249,2026-08-02 13:43:04.666845
Omnissa,Omnissa Workspace ONE UEM,True,True,0,0.0,5,11,12,{},CVE-2025-25231,447,2026-07-09 15:26:00.979764
Intellian,Intellian Aptus Web,True,True,0,0.0,70,23,22,{},CVE-2020-7980,41984,2026-08-02 13:43:04.666544
Artica,Artica Proxy,True,True,0,0.0,0,17,15,{},CVE-2020-13158,5277,2026-07-09 15:26:00.943806
Adobe,Adobe Experience Manager,True,True,0,0.0,0,0,5,{},CVE-2025-54253,48,2025-11-27 12:56:01.620777
IncomCMS,IncomCMS,True,True,0,0.0,64,21,23,{},CVE-2020-29597,50584,2026-08-02 13:43:04.559041
Tenda,Tenda AC1206,True,True,0,0.0,0,0,40,{},CVE-2025-7544,738,2026-07-21 14:08:51.274970
Canvas,Canvas LMS,True,True,0,0.0,16,14,11,{},CVE-2020-5775,10373,2026-07-31 03:36:34.344731
Samsung,WLAN AP WEA453e,True,True,0,0.0,119,36,16,{},CVE-2025-34068,396,2026-08-02 13:43:04.614036
Grandstream,UCM6200 series,True,True,0,0.0,4,5,5,{},CVE-2020-5722,40,2025-06-09 12:53:37.632769
HPE,HPE OneView,True,True,0,0.0,0,0,1,{},CVE-2025-37164,231,2026-07-31 03:36:34.244897
TerraMaster,TOS,True,True,0,0.0,68,28,29,{},CVE-2020-35665,154823,2026-08-02 13:43:04.557527
WeiPHP,WeiPHP,True,True,0,0.0,25,10,15,{},CVE-2020-20300,560,2026-07-31 03:36:34.215927
Magento,Magento Mass Import (MAGMI) plugin,True,True,0,0.0,1,34,25,{},CVE-2020-5776,50773,2026-07-08 14:30:41.213182
WSO2,"WSO2 API Manager, API Microgateway",True,True,0,0.0,65,24,23,{},CVE-2020-24589,38318,2026-08-02 13:43:04.561855
N-able,N-able N-central,True,True,0,0.0,27,14,23,{},CVE-2025-9316,1111,2026-07-31 03:36:34.217127
HiSilicon,HiSilicon based hardware video encoders (multiple vendors),True,True,0,0.0,3,3,3,{},CVE-2020-24219,0,2026-02-06 13:16:16.316286
Oracle,Oracle Weblogic Server,True,True,0,0.0,0,0,5,{},CVE-2020-14883,2268,2026-01-15 02:12:32.036163
WAVLINK,WAVLINK WN575A4 and WN579X3,True,True,0,0.0,78,24,23,{},CVE-2020-13117,34130,2026-08-02 13:43:04.520889
Shenzhen Lingkong Technology,WIFISKY 7-layer flow control router,True,True,0,0.0,29,15,12,{},CVE-2025-34044,225,2026-07-31 03:36:34.299942
Linksys,RE6500 Series,True,True,0,0.0,53,21,22,{},CVE-2020-35713,38737,2026-08-02 13:43:04.562957
PHPGurukul,Hospital Management System,True,True,0,0.0,51,17,19,{},CVE-2020-22165,13826,2026-08-02 13:43:04.655963
Belkin,Belkin F9K1122,True,True,0,0.0,4,131,131,{},CVE-2025-7081,263,2026-02-14 13:05:03.760421
Mida Solutions,Mida eFramework,True,True,0,0.0,3,6,15,{},CVE-2020-15920,7658,2026-07-23 14:21:36.619299
Stirling Tools,Stirling-PDF,True,True,0,0.0,9,12,14,{},CVE-2025-55161,1165,2026-08-07 13:18:09.544647
Artica,Artica Web Proxy,True,True,0,0.0,8,11,23,{},CVE-2020-17505,51813,2026-08-02 13:43:04.656883
D-Link,D-Link DSL-2730U/2750U/2750E,True,True,0,0.0,3,8,16,{},CVE-2025-34048,394,2026-08-02 13:43:04.623960
Totolink,Totolink A950RG,True,True,0,0.0,0,0,106,{},CVE-2025-28036,303,2025-10-12 12:45:43.494336
ZyXEL,ZyXEL NAS,True,True,0,0.0,66,47,56,{},CVE-2020-9054,52613,2026-08-02 13:43:04.529399
Cisco,Cisco Unified IP Conference Station 7937G,True,True,0,0.0,2,2,3,{},CVE-2020-16139,1050,2026-06-23 15:15:52.118503
D-Link,D-Link DIR-825,True,True,0,0.0,0,0,41,{},CVE-2020-10215,41,2024-11-27 12:48:49.075130
Netsweeper,Netsweeper,True,True,0,0.0,68,22,27,{},CVE-2020-13167,47886,2026-08-02 13:43:04.568140
D-Link,D-Link DIR-610,True,True,0,0.0,16,887,377,{},CVE-2020-9377,9608,2026-07-31 03:36:34.394153
LimeSurvey,LimeSurvey,True,True,0,0.0,4,16,16,{},CVE-2020-11455,6144,2026-07-14 03:14:37.505774
DNN Corp,DNN (DotNetNuke),True,True,0,0.0,30,11,13,{},CVE-2025-52488,1612,2026-07-31 03:36:34.179890
IBM,IBM Data Risk Manager,True,True,0,0.0,28,39,54,{},CVE-2020-4427,3159,2026-07-31 03:36:34.397784
QNAP,QNAP QTS,True,True,0,0.0,7,7,9,{},CVE-2020-2507,1921,2026-07-04 03:48:57.181622
Draytek,"Vigor3900, Vigor2960, Vigor300B",True,True,0,0.0,94,31,27,{},CVE-2020-15415,28341,2026-08-02 13:43:04.516418
Apache,Apache Kylin,True,True,0,0.0,5,29,31,{},CVE-2020-1956,959,2026-08-07 13:18:09.615337
Cisco,Cisco ASA and Cisco Firepower Threat Defense,True,True,0,0.0,0,0,7,{},CVE-2020-3259,50,2025-10-15 12:54:42.417472
WAVLINK,WAVLINK WN530H4,True,True,0,0.0,18,9,17,{},CVE-2020-12124,9219,2026-07-31 03:36:34.184262
Citrix,Citrix ShareFile StorageZones (aka storage zones) Controller,True,True,0,0.0,18,9,16,{},CVE-2020-8982,18639,2026-07-31 03:36:34.339644
Casdoor,Casdoor,True,True,0,0.0,51,12,20,{},CVE-2025-4210,478,2026-07-31 03:36:34.182276
oria,gridx,True,True,0,0.0,3,5,12,{},CVE-2020-19625,7901,2026-07-23 14:21:36.595276
Apache,Cocoon,True,True,0,0.0,5,14,20,{},CVE-2020-11991,31700,2026-08-07 13:18:09.621973
Cisco,Cisco ISE and ISE-PIC,True,True,0,0.0,0,0,4,{},CVE-2025-20281,1666,2026-08-07 13:18:09.629131
Bitrix,Bitrix24 Web Application Firewall,False,False,0,,0,2,133,,CVE-2020-13483,0,2024-03-12 10:43:50.933870
FlowiseAI,Flowise,True,True,0,0.0,8,7,22,{},CVE-2025-26319,2717,2026-08-07 13:18:09.664402
Draytek,"Draytek Vigor2960, Vigor3900, Vigor300B",True,True,0,0.0,83,26,25,{},CVE-2020-8515,57386,2026-08-02 13:43:04.614812
Revolution PI,Revolution PI webstatus and others,True,True,0,0.0,37,9,12,{},CVE-2025-41646,3415,2026-07-31 03:36:34.193618
CSE Bookstore,CSE Bookstore,True,True,0,0.0,5,13,18,{},CVE-2020-36112,35119,2026-07-21 14:08:51.371063
Zoho,ManageEngine Desktop Central (now Engine Central),True,True,0,0.0,3,24,22,{},CVE-2020-10189,34061,2026-08-07 13:18:09.625376
SolarWinds,SolarWinds Orion,True,True,0,0.0,34,9,19,{},CVE-2020-10148,16421,2026-07-31 03:36:34.288947
Shanghai Fanwei Network Technology,Panwei e-office,True,True,0,0.0,73,35,27,{},CVE-2025-34046,2732,2026-08-02 13:43:04.650672
Cisco,SD-WAN vManage,True,True,0,0.0,2,15,14,{},CVE-2020-26073,14005,2026-07-09 15:26:01.004749
Kyocera,Kyocera Printer d-COPIA253MF plus,True,True,0,0.0,14,7,14,{},CVE-2020-23575,6189,2026-07-31 03:36:34.309936
Apache,OFBiz,True,True,0,0.0,20,8,11,{},CVE-2020-1943,7147,2026-07-31 03:36:34.373877
SibSoft,Xfilesharing,True,True,0,0.0,55,22,26,{},CVE-2019-18952,1404,2026-08-02 13:43:04.527860
Webmin,Webmin,True,True,0,0.0,59,44,32,{},CVE-2019-15107,46509,2026-08-07 13:18:09.683071
JFrog,Artifactory,True,True,0,0.0,75,25,23,{},CVE-2019-9733,34094,2026-08-02 13:43:04.569262
Verizon,Verizon Fios Quantum Gateway (G1100),True,True,0,0.0,0,0,51,{},CVE-2019-3914,51,2024-11-27 12:48:49.092770
Drupal,Drupal,True,True,0,0.0,23,14,12,{},CVE-2019-6340,123,2026-07-14 03:14:37.444982
Citrix,Citrix SD-WAN and NetScaler SD-WAN,True,True,0,0.0,73,23,28,{},CVE-2019-12985,70562,2026-08-02 13:43:04.626938
netis,netis WF2419,True,True,0,,0,0,1,,CVE-2019-19356,0,2024-03-12 10:43:50.941712
Citrix,Application Delivery Controller,True,True,0,0.0,1021,2632,3092,{},CVE-2019-19781,1162207,2026-07-23 14:21:36.800145
PHP,PHP-FPM (FastCGI Process Manager),False,True,0,,0,0,182,,CVE-2019-11043,0,2024-03-12 10:43:50.969240
Wordpress,Wordpress WP01 plugin,True,True,0,0.0,42,11,15,{},CVE-2025-30567,1574,2026-07-31 03:36:34.395202
OpenNetAdmin,OpenNetAdmin,False,False,0,,0,0,2,,CVE-2019-25065,0,2024-03-12 10:43:50.953187
TopThink,ThinkPHP5,True,True,0,0.0,0,0,1,{},CVE-2019-9082,9,2025-08-20 12:53:31.141040
D-Link,D-Link DIR-600M,True,True,0,0.0,12,32,33,{},CVE-2019-13101,6360,2026-08-07 13:18:09.660359
Atlassian,Crowd/Crowd Data Center,True,True,0,0.0,75,22,33,{},CVE-2019-11580,62773,2026-08-02 13:43:04.506241
nostromo,nhttpd,True,True,0,0.0,70,26,26,{},CVE-2019-16278,43521,2026-08-02 13:43:04.514892
Kubernetes,Kubernetes (Kubelet),True,True,0,0.0,3,6,22,{},CVE-2019-11248,13368,2026-08-07 13:18:09.659467
Moodle,Moodle JSmol plugin,True,True,0,0.0,32,11,16,{},CVE-2025-34031,286,2026-07-31 03:36:34.381355
Barco/AWIND,Barco/AWIND OEM,True,True,0,0.0,61,23,23,{},CVE-2019-3929,35184,2026-08-02 13:43:04.658208
InfluxData,InfluxDB,True,True,0,0.0,20,8,14,{},CVE-2019-20933,11976,2026-07-31 03:36:34.338103
Wordpress,Wordpress AWP Classifieds plugin,True,True,0,0.0,40,19,26,{},CVE-2022-4059,968,2026-08-02 13:43:04.656795
Kirona,Kirona Dynamic Resource Scheduling (DRS),True,True,0,0.0,19,13,15,{},CVE-2019-17503,11979,2026-07-31 03:36:34.379752
Wordpress,Wordpress Social Warfare plugin,True,True,0,0.0,14,62,55,{},CVE-2019-9978,35209,2026-07-31 03:36:34.152073
Master,Master IP CAM 01,True,True,0,0.0,0,0,1,{},CVE-2019-8387,69,2026-07-31 03:36:34.278089
WeiPHP,WeiPHP,True,True,0,0.0,28,11,23,{},CVE-2025-34045,1349,2026-07-31 03:36:34.356615
YouPHPTube,YouPHPTube Encoder,True,True,0,0.0,82,34,38,{},CVE-2019-5129,82843,2026-08-02 13:43:04.663618
strapi,strapi,True,True,0,0.0,82,22,23,{},CVE-2019-18818,36073,2026-08-02 13:43:04.524808
Synway Information Engineering,Synway SMG Gateway Management Software,True,True,0,0.0,120,29,13,{},CVE-2025-71284,65,2026-08-02 13:43:04.663518
Yachtcontrol,Yachtcontrol,True,True,0,0.0,12,7,14,{},CVE-2019-17270,9301,2026-07-31 03:36:34.272907
Deltek,Deltek Maconomy,True,True,0,0.0,13,7,15,{},CVE-2019-12314,376,2026-07-31 03:36:34.301788
Letta,Letta,True,True,0,0.0,0,0,6,{},CVE-2025-51482,8,2026-01-24 02:10:29.346744
Adobe,Adobe Experience Manager,True,True,0,0.0,0,0,5,{},CVE-2025-49533,30,2025-11-26 12:57:21.123300
Linear,eMerge E3-Series,True,True,0,0.0,4,11,26,{},CVE-2019-7254,7008,2026-08-02 13:43:04.650152
Atlassian,JIRA,True,True,0,0.0,0,37,11,{},CVE-2019-8442,2911,2026-08-02 13:43:04.511847
Hikvision,Hikvision Streaming Media Management Server,True,True,0,0.0,3,3,3,{},CVE-2025-34058,0,2026-05-08 14:05:37.902342
GrandNode,GrandNode,True,True,0,0.0,16,6,15,{},CVE-2019-12276,8154,2026-07-31 03:36:34.387130
Oracle,BI Publisher (Oracle Fusion Middleware),True,True,0,0.0,4,10,19,{},CVE-2019-2616,30029,2026-08-07 13:18:09.675364
Geoserver,Geoserver,True,True,0,0.0,2148,1015,779,{},CVE-2025-58360,54100,2026-08-02 13:43:04.664891
Webmin,Webmin,True,True,0,0.0,19,20,27,{},CVE-2019-15642,51391,2026-08-02 13:43:04.559135
D-Link,"D-Link DIR-615, DIR-655C, DIR-825, DIR-835, DIR-855L, DIR-866L, DIR-652, DIR-862L, DHP-1565, DAP-1533",True,True,0,0.0,77,26,35,{},CVE-2019-16920,135852,2026-08-02 13:43:04.564665
Wordpress,Wordpress Visualizer plugin (by Themeisle),True,True,0,0.0,2,2,2,{},CVE-2019-16932,71,2026-04-15 03:26:54.468967
Geoserver,Geoserver,True,True,0,0.0,7,35,82,{},CVE-2025-27505,14306,2026-07-23 14:21:36.732149
SAP,NetWeaver AS JAVA (LM Configuration Wizard),True,True,0,0.0,59,22,23,{},CVE-2020-6287,36785,2026-08-02 13:43:04.520985
ChanCMS,ChanCMS,True,True,0,0.0,0,8,9,{},CVE-2025-10211,225,2026-07-21 14:08:51.278310
Oracle,GlassFish,True,True,0,0.0,0,21,9,{},CVE-2017-1000028,2265,2026-08-02 13:43:04.571617
DNN Corp,DNN (DotNetNuke),True,True,0,0.0,32,12,11,{},CVE-2025-64095,192,2026-08-02 13:43:04.565048
Apache,Tomcat,True,True,0,0.0,2,2,2,{},CVE-2017-12615,426,2025-12-24 12:56:38.728554
Spring,Spring Data REST,True,True,0,0.0,0,1,1,{},CVE-2017-8046,56,2025-12-16 13:00:01.380569
Alibaba,Fastjson,True,True,0,0.0,12,9,10,{},CVE-2017-18349,11685,2026-07-31 03:36:34.151838
David Strutz,bootstrap-multiselect,True,True,0,0.0,35,11,6,{},CVE-2025-47204,591,2026-07-31 03:36:34.223008
phpCollab,phpCollab,True,True,0,0.0,33,24,30,{},CVE-2017-6090,53049,2026-08-02 13:43:04.495315
Nette,Nette,True,True,0,0.0,0,30,16,{},CVE-2020-15227,1316,2026-05-27 16:01:31.550990
Ruckus,Ruckus vRioT,True,True,0,0.0,4,11,20,{},CVE-2020-26879,4946,2026-07-21 14:08:51.275817
White Star Software,White Star Software Potop,True,True,0,0.0,22,13,11,{},CVE-2025-44177,1499,2026-07-31 03:36:34.359789
Artica,Artica Web Proxy,True,True,0,0.0,34,19,32,{},CVE-2020-17506,56496,2026-08-02 13:43:04.600062
Citrix,XenMobile Server,True,True,0,0.0,18,14,16,{},CVE-2020-8209,22423,2026-07-31 03:36:34.266090
Citrix,Citrix NetScaler ADC and NetScaler Gateway,True,True,0,0.0,2,2,2,{},CVE-2025-6543,16,2025-10-29 12:58:20.254638
D-Link,DNS-320,True,True,0,0.0,69,68,68,{},CVE-2020-25506,106121,2026-08-02 13:43:04.555496
Roundcube,Roundcube Webmail,True,True,0,0.0,78,28,36,{},CVE-2020-12641,8714,2026-08-02 13:43:04.576734
D-Link,D-Link DSL-2888A,True,True,0,0.0,10,12,24,{},CVE-2020-24581,49409,2026-08-02 13:43:04.624317
Lime Technology,Unraid,True,True,0,0.0,66,47,56,{},CVE-2020-5847,58310,2026-08-02 13:43:04.521632
Apache,Struts,True,True,0,0.0,8,222,300,{},CVE-2017-5638,21439,2026-08-07 13:18:09.838516
NETGEAR,NETGEAR ReadyNAS Surveillance,True,True,0,0.0,8,8,14,{},CVE-2017-18378,8487,2026-07-31 03:36:34.369102
NETGEAR,NETGEAR DGN2200,True,True,0,0.0,0,0,5,{},CVE-2017-6334,886,2026-08-02 13:43:04.517192
D-Link,D-Link DCS-932L,True,True,0,0.0,4,120,120,{},CVE-2025-5571,263,2026-02-14 13:05:03.899758
HP,HP iLO 4,True,True,0,0.0,7,7,7,{},CVE-2017-12542,9,2026-07-04 03:48:57.170321
Totolink,Totolink CA600-PoE,True,True,0,0.0,4,122,122,{},CVE-2025-44846,287,2026-02-14 13:05:03.919672
Zivif,Zivif PR115-204-P-RS,True,True,0,0.0,0,7,4,{},CVE-2017-17106,28,2026-05-25 15:22:00.968839
NETGEAR,NETGEAR (multiple routers),True,True,0,0.0,59,17,16,{},CVE-2017-5521,3732,2026-07-31 03:36:34.348379
AVTECH,"AVTECH IP camera, NVR, DVR products",True,True,0,0.0,0,207,54,{},CVE-2025-34054,220,2026-08-07 13:18:09.438389
Zivif,Zivif PR115-204-P-RS,True,True,0,0.0,0,199,299,{},CVE-2017-17105,8839,2026-01-18 12:54:10.843066
Yaws,Yaws,True,True,0,0.0,20,11,18,{},CVE-2017-10974,5782,2026-07-31 03:36:34.212780
Microsoft,SharePoint,True,True,0,0.0,1623,5053,2527,{},CVE-2025-53770,44751,2026-07-31 03:36:34.381094
Next.js,Next.js,True,True,0,0.0,32,18,19,{},CVE-2025-29927,455,2026-06-30 14:33:31.281040
Adobe,Adobe Experience Manager,True,True,0,0.0,0,0,6,{},CVE-2025-54254,42,2025-11-26 12:57:21.312431
TP-Link,TP-Link multiple devices,True,True,0,0.0,15,11,11,{},CVE-2017-16959,178,2026-02-02 13:16:42.765476
Dasan,Dasan GPON ONT WiFi Router H640X,True,True,0,0.0,0,0,46,{},CVE-2017-18046,198,2025-09-18 12:52:11.737042
HPE,HPE intelligent Management Center (iMC) PLAT,True,True,0,0.0,16,12,9,{},CVE-2017-8961,9838,2026-07-31 03:36:34.327677
Luracast,Luracast Restler,True,True,0,0.0,8,5,15,{},CVE-2017-15363,5318,2026-07-31 03:36:34.146641
Traccar,Traccar,True,True,0,0.0,18,12,13,{},CVE-2025-61666,935,2026-07-31 03:36:34.147436
Amcrest,Amcrest IPM-721S,True,True,0,0.0,2,3,3,{},CVE-2017-8226,21596,2026-07-31 03:36:34.386389
Sangfor,Sangfor EDR,True,True,0,0.0,18,13,9,{},CVE-2025-34041,289,2026-07-31 03:36:34.265143
Digital Watchdog,Digital Watchdog DW MEGApix IP cameras,True,True,0,0.0,0,0,10,{},CVE-2022-34538,10,2026-05-08 14:05:37.805074
NETGEAR,NETGEAR devices with FunJSQ,True,True,0,0.0,297,285,285,{},CVE-2022-40619,565,2026-02-06 13:16:16.343021
Wordpress,Wordpress Youzify plugin,True,True,0,0.0,0,0,1,{},CVE-2022-1950,1019,2026-04-19 03:37:10.889466
Draytek,VigorConnect,True,True,0,0.0,39,16,37,{},CVE-2021-20123,10361,2026-07-31 03:36:34.151094
CERIO,CERIO DT-300N,True,True,0,0.0,14,11,8,{},CVE-2018-18852,9317,2026-07-31 03:36:34.342024
Cybele Software,Thinfinity VirtualUI,True,True,0,0.0,63,21,18,{},CVE-2021-45092,5607,2026-08-02 13:43:04.660106
Zyxel,Zyxel DX5401-B0,True,True,0,0.0,16,13,11,{},CVE-2023-28770,5992,2026-07-31 03:36:34.370552
"Open Source Matters, Inc/Joomla community",Joomla,True,True,0,0.0,15,35,33,{},CVE-2023-23752,143811,2026-08-02 13:43:04.522026
Citrix,Citrix NetScaler ADC and NetScaler Gateway,True,True,0,0.0,0,0,353,{},CVE-2023-6549,3861,2025-10-01 12:55:46.317996
Buffalo,Buffalo SR-2533DHPL2 and WSR-2533DHP3,True,True,0,0.0,19,17,15,{},CVE-2021-20092,14491,2026-06-30 14:33:31.272708
DCN (Digital China Networks),DCBI-Netlog-LAB,True,True,0,0.0,67,24,23,{},CVE-2023-26802,4629,2026-08-02 13:43:04.493944
Lucee,Lucee Server,True,True,0,0.0,72,23,25,{},CVE-2021-21307,56507,2026-08-02 13:43:04.494678
Gibbon,Gibbon,True,True,0,0.0,88,24,21,{},CVE-2023-45878,8210,2026-08-02 13:43:04.627399
ReadtoMyShoe,ReadtoMyShoe,True,True,0,0.0,5,10,14,{},CVE-2023-27587,4446,2026-07-21 14:08:51.258103
Wordpress,Patreon Wordpress plugin,True,True,0,0.0,10,7,17,{},CVE-2021-24227,5183,2026-07-31 03:36:34.164819
Wordpress,Wordpress Registration Forms plugin,True,True,0,0.0,30,16,11,{},CVE-2023-0552,4988,2026-07-31 03:36:34.255234
Citrix,Citrix ADC and Citrix Gateway,True,True,0,0.0,6,3,4,{},CVE-2023-3519,330,2026-08-07 13:18:09.694327
Wordpress,Wordpress LearnPress plugin,True,True,0,0.0,0,1,1,{},CVE-2023-6634,7779,2026-05-08 14:05:37.718755
CrushFTP,CrushFTP,True,True,0,0.0,33,60,71,{},CVE-2023-43177,3934,2026-07-08 03:29:58.678091
KevinLAB,Building Energy Management System,True,True,0,0.0,8,8,18,{},CVE-2021-37291,10227,2026-08-02 13:43:04.627787
Apache,Tomcat,True,True,0,0.0,53,53,28,{},CVE-2025-24813,8713,2026-07-08 03:29:58.652850
Fujitsu,"Fujitsu Real-time Video Transmission Gear \""IP series\""",True,True,0,0.0,4,11,18,{},CVE-2023-38433,1818,2026-07-21 14:08:51.292986
Weaver,Weaver E-cology,True,True,0,0.0,25,12,12,{},CVE-2023-3793,207,2026-07-31 03:36:34.218078
Citrix,Citrix ShareFile StorageZones (aka storage zones) Controller,True,True,0,0.0,0,0,308,{},CVE-2023-24489,308,2024-11-22 12:46:11.288355
,nan,True,True,0,0.0,3,3,3,{},CVE-2026-39808,0,2026-07-14 03:14:37.684839
Lexmark,Lexmark,True,True,0,0.0,9,9,17,{},CVE-2023-26067,9418,2026-07-31 03:36:34.350740
Ericsson-LG,iPECS NMS 30M,True,True,0,0.0,16,11,30,{},CVE-2018-15138,12207,2026-07-31 03:36:34.216664
Wordpress,Wordpress Oturia Smart Google Code Inserter plugin,True,True,0,0.0,9,23,27,{},CVE-2018-3810,52774,2026-08-07 13:18:09.632491
Sahi Pro,Sahi Pro,True,True,0,0.0,1,16,15,{},CVE-2018-20470,4831,2026-07-08 14:30:41.144491
Schneider Electric,Schneider Electric U.Motion Builder,True,True,0,0.0,64,22,24,{},CVE-2018-7841,1571,2026-08-02 13:43:04.524011
BYTEVALUE,BYTEVALUE Intelligent Flow Control Router,True,True,0,0.0,15,17,44,{},CVE-2023-7311,8502,2026-05-27 16:01:31.494500
Wordpress,adivaha Travel Plugin for Wordpress,True,True,0,0.0,3,3,3,{},CVE-2023-54359,0,2026-08-07 13:18:09.681656
Ghost,Ghost,True,True,0,0.0,3,64,39,{},CVE-2023-32235,10264,2026-07-23 14:21:36.632448
Odoo,Odoo,True,True,0,0.0,16,9,10,{},CVE-2023-1434,8419,2026-07-31 03:36:34.386049
DedeCMS,DedeCMS,True,True,0,0.0,0,12,7,{},CVE-2018-7700,7200,2026-08-02 13:43:04.628666
PyTorch,PyTorch TorchServe,True,True,0,0.0,44,25,23,{},CVE-2023-43654,2074,2026-08-02 13:43:04.627494
Wordpress,Wordpress Backup Migration plugin,True,True,0,0.0,1,8,14,{},CVE-2023-6266,334,2026-07-21 14:08:51.415397
CONTEC,SolarView Compact,True,True,0,0.0,92,27,23,{},CVE-2023-23333,15854,2026-08-02 13:43:04.493353
PHPJabbers,PHPJabbers Food Delivery Script,True,True,0,0.0,9,28,26,{},CVE-2023-40748,974,2026-07-09 15:26:00.928747
Artica,Pandora FMS,True,True,0,0.0,12,7,15,{},CVE-2018-11222,5843,2026-07-31 03:36:34.340114
Juniper,Junos OS (J-Web),True,True,0,0.0,2878,582,400,{},CVE-2023-36844,63623,2026-07-31 03:36:34.341059
Cisco,"Cisco RV340, RV340W, RV345, and RV345P Dual WAN Gigabit VPN Routers",True,True,0,0.0,41,19,13,{},CVE-2023-20073,18445,2026-08-02 13:43:04.558113
SugarCRM,SugarCRM,True,True,0,0.0,0,0,1,{},CVE-2023-22952,699,2025-11-29 12:51:05.941428
SonicWall,SonicWall Global Management System,True,True,0,0.0,2,1,1,{},CVE-2018-9866,18,2025-01-16 01:42:44.113883
Advantech,R-SeeNet,True,True,0,0.0,70,18,18,{},CVE-2021-21805,6152,2026-08-02 13:43:04.667655
VertaAI,ModelDB,True,True,0,0.0,4,17,15,{},CVE-2023-6023,8479,2026-07-14 03:14:37.439669
TRENDnet,TRENDnet TEW-411BRPplus,True,True,0,0.0,0,0,1,{},CVE-2023-51833,257,2026-05-08 14:05:37.846421
parisneo,lollms-webui,True,True,0,0.0,20,12,9,{},CVE-2024-4841,92,2026-07-31 03:36:34.372912
Hongdian,Hongdian H8922,True,True,0,0.0,3,14,19,{},CVE-2021-28150,1871,2026-07-21 14:08:51.361375
Arcadyan,Arcadyan manufactured devices (multiple vendors),True,True,0,0.0,0,0,1,{},CVE-2021-20090,4,2024-10-10 12:43:46.578831
Totolink,Totolink N200RE,True,True,0,0.0,0,0,200,{},CVE-2024-0297,585,2025-10-12 12:45:43.455852
IBM,IBM Operational Decision Manager,True,True,0,0.0,19,33,25,{},CVE-2024-22319,20237,2026-07-31 03:36:34.158650
Cacti,Cacti,True,True,0,0.0,29,12,19,{},CVE-2024-29895,15058,2026-07-31 03:36:34.225115
Barcode,Barcode (GLPI plugin),True,True,0,0.0,21,6,15,{},CVE-2021-43778,5628,2026-07-31 03:36:34.385799
Samsung,Samsung magicINFO 9,True,True,0,0.0,188,204,205,{},CVE-2024-7399,18532,2026-03-07 13:02:32.208157
Rocket.Chat,Rocket.Chat,True,True,0,0.0,62,21,21,{},CVE-2021-22911,29559,2026-08-02 13:43:04.654053
VoIPmonitor,VoIPmonitor,True,True,0,0.0,0,3,3,{},CVE-2021-30461,1266,2026-04-04 13:12:17.526601
MiniIO,MiniIO Console,True,True,0,0.0,41,19,21,{},CVE-2021-41266,21046,2026-08-02 13:43:04.624940
Alibaba,Nacos,True,True,0,0.0,44,25,29,{},CVE-2021-29441,40327,2026-08-02 13:43:04.655228
Progress,Flowmon,True,True,0,0.0,21,12,17,{},CVE-2024-2389,36110,2026-07-31 03:36:34.197034
Adobe,Adobe Commerce and Magento Open Source,True,True,0,0.0,0,0,2,{},CVE-2024-34102,62,2026-08-02 13:43:04.556189
CyberPanel,CyberPanel,True,True,0,0.0,14,8,15,{},CVE-2024-32736,2625,2026-07-31 03:36:34.260448
Progress,WhatsUp Gold,True,True,0,0.0,30,12,21,{},CVE-2024-6670,5714,2026-07-31 03:36:34.274176
D-Link,D-Link DAP-1620,True,True,0,0.0,10,10,19,{},CVE-2021-46381,11378,2026-08-02 13:43:04.566806
Totolink,Totolink X6000R,True,True,0,0.0,0,1,1,{},CVE-2024-2353,1957,2026-06-06 13:59:36.039862
QNAP,QNAP NAS running HBS 3,True,True,0,0.0,43,21,23,{},CVE-2021-28799,1295,2026-08-02 13:43:04.556361
Commvault,CommCell,True,True,0,0.0,19,13,16,{},CVE-2021-34993,21168,2026-08-02 13:43:04.528781
TP-Link,TP-Link TL-WR840N EU v5,True,True,0,0.0,47,23,29,{},CVE-2021-41653,22104,2026-08-02 13:43:04.563877
Wordpress,Wordpress Zoomsounds plugin,True,True,0,0.0,4,17,15,{},CVE-2021-39316,5919,2026-07-14 03:14:37.660432
WSO2,"WSO2 API Manager, WSO2 Identity Server, WSO2 Identity Server as Key Manager",True,True,0,0.0,41,18,11,{},CVE-2024-7097,7881,2026-07-31 03:36:34.383644
VMware,VMware View Planner 4.x,True,True,0,0.0,71,25,24,{},CVE-2021-21978,38618,2026-08-02 13:43:04.568052
Monitorr,Monitorr,True,True,0,0.0,10,26,39,{},CVE-2023-26775,68457,2026-08-07 13:18:09.839922
Chamilo,LMS,True,True,0,0.0,35,17,14,{},CVE-2021-34187,20633,2026-07-31 03:36:34.307875
Motorola,Binatone Hubble Camera,True,True,0,0.0,47,21,23,{},CVE-2021-3577,65712,2026-08-02 13:43:04.557828
Sitecore,Sitecore XP,True,True,0,0.0,46,20,22,{},CVE-2021-42237,19530,2026-08-02 13:43:04.525286
Totolink,A720R,True,True,0,0.0,200,141,56,{},CVE-2021-35327,2402,2024-08-08 06:01:09.766686
Hitachi Ventara,Pentaho Business Analytics,True,True,0,0.0,4,53,56,{},CVE-2021-31602,14019,2026-07-21 14:08:51.417182
Wordpress,Wordpress WP Job Portal plugin,True,True,0,0.0,4,10,19,{},CVE-2023-4490,2290,2026-07-21 14:08:51.298530
D-Link,D-Link DSL-2750U,True,True,0,0.0,10,7,11,{},CVE-2021-3708,7788,2026-07-31 03:36:34.235150
Juniper,Junos OS (J-Web),True,True,0,0.0,5,5,6,{},CVE-2023-36845,13248,2026-03-07 13:02:32.149451
Weaver,Weaver e-cology,True,True,0,0.0,20,14,13,{},CVE-2023-2806,143,2026-07-31 03:36:34.339871
weng-xianhu,EyouCMS,True,True,0,0.0,15,12,11,{},CVE-2024-22927,158,2026-07-31 03:36:34.348586
CyberPanel,CyberPanel,True,True,0,0.0,9,7,15,{},CVE-2024-32739,2542,2026-07-31 03:36:34.183494
NextChat (ChatGPT-Next-Web),NextChat (ChatGPT-Next-Web),True,True,0,0.0,47,22,18,{},CVE-2024-38514,11875,2026-07-31 03:36:34.321369
JEECG,jeecg-boot,True,True,0,0.0,21,13,26,{},CVE-2024-48307,17644,2026-07-31 03:36:34.312349
Citrix,Citrix Virtual Apps and Desktops,True,True,0,0.0,15,15,12,{},CVE-2024-8069,4631,2026-02-02 13:16:42.796423
CHIYU Technology,"CHIYU BF-430, BF-431 and BF-450M",True,True,0,0.0,0,9,9,{},CVE-2021-31250,7299,2026-07-23 14:21:36.689227
Splunk,Splunk,True,True,0,0.0,44,21,16,{},CVE-2018-11409,13460,2026-07-31 03:36:34.308834
D-Link,D-Link DNS-343 ShareCenter,True,True,0,0.0,0,0,133,{},CVE-2018-25120,311,2026-05-26 15:57:33.668875
Patton,SmartNode SN200,True,True,0,0.0,125,27,24,{},CVE-2023-41109,10365,2026-08-02 13:43:04.520025
FIT2CLOUD,KubePi,True,True,0,0.0,3,9,18,{},CVE-2023-22478,17267,2026-08-07 13:18:09.656285
Arcserve,Arcserve Unified Data Protection (UDP),True,True,0,0.0,66,19,29,{},CVE-2023-26258,3381,2026-08-02 13:43:04.554177
Apache,ActiveMQ,True,True,0,0.0,1,10,9,{},CVE-2018-8006,6725,2026-07-14 03:14:37.504068
QNAP,QNAP VioStor NVR,True,True,0,0.0,0,0,3,{},CVE-2023-47565,16,2025-12-24 12:56:38.640434
pyLoad,pyLoad,True,True,0,0.0,0,1,39,{},CVE-2023-0297,876,2025-11-18 12:55:38.631576
Progress,MOVEit Transfer,True,True,0,0.0,3,23,22,{},CVE-2023-36934,13687,2026-07-21 14:08:51.277114
Apache,libapache-mod-jk,True,True,0,0.0,3,30,53,{},CVE-2018-11759,51222,2026-08-07 13:18:09.527188
Paessler,PRTG Network Monitor,True,True,0,0.0,91,29,28,{},CVE-2018-19410,2796,2026-08-02 13:43:04.564950
RainbowFish Software,PacsOne Server,True,True,0,0.0,9,6,10,{},CVE-2018-25124,175,2026-07-31 03:36:34.241927
Wordpress,Wordpress News & Blog Designer Pack plugin,True,True,0,0.0,23,14,10,{},CVE-2023-5815,2108,2026-07-31 03:36:34.175641
Cisco,Cisco ASA and Cisco Firepower Threat Defense,True,True,0,0.0,0,6,15,{},CVE-2018-0296,7273,2026-08-07 13:18:09.524720
Fortinet,FortiWLM,True,True,0,0.0,12,11,17,{},CVE-2023-34993,36713,2026-07-31 03:36:34.308611
Hot-World GmbH,Repetier Server,True,True,0,0.0,22,10,16,{},CVE-2023-31059,2914,2026-07-31 03:36:34.289444
Mirko BÃ¶er Software Development,SuperWebMailer,True,True,0,0.0,3,8,13,{},CVE-2023-38192,7605,2026-07-21 14:08:51.268945
D-Link,D-Link Central WiFiManager CWM-100,True,True,0,0.0,26,11,20,{},CVE-2018-15517,16861,2026-07-31 03:36:34.326397
Nagios,Nagios XI,True,True,0,0.0,40,23,23,{},CVE-2018-10737,37359,2026-08-02 13:43:04.625031
Ruijie Networks,Ruijie RG-UAC Application Management Gateway,True,True,0,0.0,30,23,16,{},CVE-2023-7304,2449,2026-07-31 03:36:34.302744
FSMLabs,TimeKeeper,True,True,0,0.0,135,27,26,{},CVE-2023-31465,37947,2026-08-02 13:43:04.506041
Eaton,Intelligent Power Manager,True,True,0,0.0,49,44,43,{},CVE-2018-12031,18473,2026-08-02 13:43:04.561953
Wordpress,Wordpress Gift Voucher plugin,True,True,0,0.0,7,27,25,{},CVE-2018-16159,35615,2026-08-07 13:18:09.646868
PrestaShop,PrestaShop tshirtecommerce,True,True,0,0.0,24,8,15,{},CVE-2023-27640,4738,2026-07-31 03:36:34.259478
Adobe,ColdFusion,True,True,0,0.0,4,14,15,{},CVE-2023-38205,9444,2026-07-14 03:14:37.664893
TopThink,ThinkPHP5,True,True,0,0.0,0,0,1,{},CVE-2018-20062,14,2025-08-21 12:52:46.370782
Dahua,Dahua Smart Park Integrated Management Platform,True,True,0,0.0,3,8,7,{},CVE-2023-7309,2216,2026-07-09 15:26:00.927324
Weaver,Weave E-Office,True,True,0,0.0,18,16,12,{},CVE-2023-2523,217,2026-07-31 03:36:34.223192
Appwrite,Appwrite,True,True,0,0.0,31,13,17,{},CVE-2023-27159,15395,2026-07-31 03:36:34.374110
Korenix,"Jetwave 4200, Jetwave 3000 Series",True,True,0,0.0,0,0,83,{},CVE-2023-23295,611,2025-10-30 12:56:29.146812
1Panel,!Panel,True,True,0,0.0,1,1,1,{},CVE-2023-39964,0,2026-04-08 13:50:00.444569
h20.ai,h20.ai Dashboard,True,True,0,0.0,4,29,22,{},CVE-2023-6038,10987,2026-07-21 14:08:51.250211
QNAP,QNAP QTS and QuTS Hero,True,True,0,0.0,2,9,34,{},CVE-2023-47218,30830,2026-07-21 14:08:51.277625
,nan,True,True,0,0.0,1,1,1,{},CVE-2023-6567,0,2026-07-14 03:14:37.473119
Wordpress,Wordpress Media Library Assistant plugin,True,True,0,0.0,138,28,31,{},CVE-2023-4634,38502,2026-08-02 13:43:04.616928
Array Networks,Array AG Series and vxAG,True,True,0,0.0,0,4,6,{},CVE-2023-28461,149,2026-01-24 02:10:29.357909
SecurePoint,SecurePoint UTM,True,True,0,0.0,0,41,29,{},CVE-2023-22620,10817,2026-07-21 14:08:51.397150
Intelbras,Intelbras Switch SG 2404 MR,True,True,0,0.0,40,10,18,{},CVE-2023-36144,2038,2026-07-31 03:36:34.337383
Ruijie,Ruijie RG-EW1200G,True,True,0,0.0,4,16,22,{},CVE-2023-4169,9193,2026-07-21 14:08:51.244619
Zyxel,Zyxel NAS326/NAS542,True,True,0,0.0,0,0,317,{},CVE-2023-4473,708,2024-07-28 06:01:26.179100
APsystems,Altenergy Power Control Software,True,True,0,0.0,86,22,22,{},CVE-2023-28343,12250,2026-08-02 13:43:04.493632
QNAP,QNAP QTS and QuTS Hero,True,True,0,0.0,0,0,600,{},CVE-2023-50358,15985,2026-01-27 13:06:27.941309
Apache,nan,True,True,0,0.0,68,36,28,{},CVE-2023-33246,6263,2026-08-02 13:43:04.657407
Fortra,GoAnywhere MFT,True,True,0,0.0,17,53,53,{},CVE-2023-0669,6327755,2026-07-31 03:36:34.203561
Daylight Studio,FUEL CMS,True,True,0,0.0,106,33,29,{},CVE-2018-16763,42120,2026-08-02 13:43:04.667557
Cellinx,Cellinx NVT Camera,True,True,0,0.0,0,0,84,{},CVE-2023-23063,401,2025-09-07 12:44:00.550528
FileMage,FileMage Gateway,True,True,0,0.0,15,11,20,{},CVE-2023-39026,5201,2026-07-31 03:36:34.352038
PaperCut,PaperCut MF/NG,True,True,0,0.0,11,10,27,{},CVE-2023-27351,818,2026-07-31 03:36:34.385087
D-Link,D-Link DWR series,True,True,0,0.0,0,6,15,{},CVE-2018-10823,7378,2026-08-07 13:18:09.624058
GL.iNet,GL.iNet devices,True,True,0,0.0,12,12,19,{},CVE-2023-31478,4576,2026-07-31 03:36:34.317733
Wordpress,Wordpress Extensive VC Addons for WPBakery page builder plugin,True,True,0,0.0,1,29,19,{},CVE-2023-0159,1799,2026-07-04 13:49:26.844965
LG,SuperSign CMS,True,True,0,0.0,100,34,28,{},CVE-2018-17173,9104,2026-08-02 13:43:04.508941
PrestaShop,PrestaShop jmsblog,True,True,0,0.0,0,2,2,{},CVE-2023-27034,2063,2025-03-26 12:49:20.263192
CGit,CGit,True,True,0,0.0,9,6,16,{},CVE-2018-14912,5428,2026-07-31 03:36:34.347906
Cisco,Cisco RV132W/RV134W,True,True,0,0.0,34,34,34,{},CVE-2018-0125,0,2026-04-04 13:12:17.440121
Atlassian,JIRA STAGIL Navigation for Jira - Menu & Themes plugin,True,True,0,0.0,17,7,16,{},CVE-2023-26255,15877,2026-07-31 03:36:34.169120
Zyxel,Zyxel NAS326/NAS540/NAS542,True,True,0,0.0,0,0,6,{},CVE-2023-27992,58,2025-04-08 12:50:16.207163
Ruby on Rails,Sprockets,True,True,0,0.0,2,15,27,{},CVE-2018-3760,38175,2026-08-07 13:18:09.686102
Apache,Arrow,True,True,0,0.0,121,27,22,{},CVE-2023-47248,6018,2026-08-02 13:43:04.569998
Atlassian,JIRA STAGIL Navigation for Jira - Menu & Themes plugin,True,True,0,0.0,16,8,18,{},CVE-2023-26256,22941,2026-07-31 03:36:34.333744
Elastic,Kibana,True,True,0,0.0,36,19,17,{},CVE-2018-17246,7797,2026-08-02 13:43:04.635708
Comodo,Comodo UTM Firewall,True,True,0,0.0,73,25,27,{},CVE-2018-17431,37772,2026-08-02 13:43:04.526216
Adobe,ColdFusion,True,True,0,0.0,22,15,27,{},CVE-2023-29298,16883,2026-07-31 03:36:34.350548
FlexPaper (Flowpaper),FlexPaper (Flowpaper),True,True,0,0.0,74,36,38,{},CVE-2018-11686,18373,2026-08-02 13:43:04.573460
Ruijie Networks,Ruijie BCR810W,True,True,0,0.0,0,13,67,{},CVE-2023-3608,80731,2025-10-30 12:56:29.294381
GeoVision,GeoVision embedded devices,True,True,0,0.0,0,151,300,{},CVE-2018-25118,7851,2026-01-24 02:10:29.243250
LG,NAS N1A1,True,True,0,0.0,87,34,31,{},CVE-2018-14839,53158,2026-08-02 13:43:04.669974
TamronOS,TamronOS IPTV/VOD,True,True,0,0.0,13,12,11,{},CVE-2023-3606,438,2026-07-31 03:36:34.215428
Ivanti,Sentry,True,True,0,0.0,2,129,97,{},CVE-2023-38035,5383,2026-02-07 13:05:04.365921
LOYTEC,LOYTEC LGATE-902,True,True,0,0.0,0,22,22,{},CVE-2018-14918,8379,2026-07-09 15:26:00.817472
ASUSTOR,ASUSTOR ADM,True,True,0,0.0,83,31,27,{},CVE-2018-11511,2660,2026-08-02 13:43:04.518319
SecurePoint,SecurePoint UTM,True,True,0,0.0,12,12,14,{},CVE-2023-22897,7062,2026-08-02 13:43:04.636032
Cassia,Cassia Gateway,True,True,0,0.0,71,33,27,{},CVE-2023-31446,26431,2026-08-02 13:43:04.628045
Apache,OFBiz,True,True,0,0.0,91,27,24,{},CVE-2023-49070,13092,2026-08-02 13:43:04.616716
Wordpress,Wordpress Backup Migration plugin,True,True,0,0.0,0,0,1,{},CVE-2023-6553,169,2026-06-25 14:46:29.194722
D-Link,D-Link multiple routers,True,True,0,0.0,86,71,70,{},CVE-2018-6530,84375,2026-08-02 13:43:04.565812
Wowza Media Systems,Wowza Streaming Engine,True,True,0,0.0,10,6,17,{},CVE-2018-19365,5930,2026-07-31 03:36:34.362458
VMware,VMware NSX SD-WAN Edge,True,True,0,0.0,59,21,29,{},CVE-2018-6961,2140,2026-08-02 13:43:04.633208
Lightdash,Lightdash,True,True,0,0.0,2,8,16,{},CVE-2023-35844,5219,2026-08-02 13:43:04.565706
Sangfor,Sangfor Behavior Management System (DC Management System),True,True,0,0.0,4,4,4,{},CVE-2023-7307,1,2026-01-24 02:10:29.297925
NextChat (ChatGPT-Next-Web),NextChat (ChatGPT-Next-Web),True,True,0,0.0,12,18,39,{},CVE-2023-49785,50649,2026-07-31 03:36:34.362691
DigiEver,DigiEver DS-2105 Pro,True,True,0,0.0,10,200,396,{},CVE-2023-52163,30357,2026-02-10 13:41:35.500187
Open Source SRS Community,SNS,True,True,0,0.0,131,26,24,{},CVE-2023-34105,1816,2026-08-02 13:43:04.621839
Zoho,ManageEngine OpManager,True,True,0,0.0,1,2,3,{},CVE-2018-17283,781,2026-02-16 13:20:10.772905
"Open Source Matters, Inc/Joomla community",Joomla Zh BaiduMap component,True,True,0,0.0,64,25,24,{},CVE-2018-6605,726,2026-08-02 13:43:04.656325
osCommerce,osCommerce Online Merchant,True,True,0,0.0,68,23,28,{},CVE-2018-25114,994,2026-08-02 13:43:04.627028
ipTIME,ipTIME A2004,True,True,0,0.0,0,8,9,{},CVE-2024-54763,612,2026-07-23 14:21:36.742020
TVT/Provision-ISR,Multiple DVR models,True,True,0,0.0,22,63,39,{},CVE-2024-7339,14257,2026-07-31 03:36:34.357663
Draytek,VigorConnect,True,True,0,0.0,63,17,40,{},CVE-2021-20124,10118,2026-07-31 03:36:34.383405
Wordpress,Wordpress NotificationX plugin,True,True,0,0.0,34,11,14,{},CVE-2024-1698,11454,2026-08-02 13:43:04.666294
Oracle,Oracle Access Manager (Oracle Fusion Middleware),True,True,0,0.0,3,34,57,{},CVE-2021-35587,40395,2026-08-07 13:18:09.670861
D-Link,D-Link DIR-825 G1,True,True,0,0.0,4,4,3,{},CVE-2021-46442,808,2026-05-18 15:49:28.635159
Ctek,SkyRouter,True,False,0,,0,0,2,,CVE-2011-5010,0,2024-03-12 10:43:50.936757
Linksys,Linksys E2000,True,True,0,0.0,12,7,16,{},CVE-2024-27497,4376,2026-07-31 03:36:34.356380
dotCMS,dotCMS,True,True,0,0.0,8,8,8,{},CVE-2026-8054,0,2026-08-07 13:18:09.538737
decolua,9router,True,True,0,0.0,8,8,8,{},CVE-2026-59800,13,2026-08-07 13:18:09.502353
MasterSAM,MasterSAM Star Gate,True,True,0,0.0,22,10,18,{},CVE-2024-55457,1287,2026-07-31 03:36:34.387625
ServiceNow,"Now Platform (Washington DC, Vancouver, and earlier releases)",True,True,0,0.0,0,6,2,{},CVE-2024-5217,1570,2025-12-30 12:58:50.781654
SiYuan,SiYuan,True,True,0,0.0,1,1,1,{},CVE-2026-54066,0,2026-08-07 13:18:09.630289
Weaver,Weaver E-cology,True,True,0,0.0,118,59,59,{},CVE-2026-22679,31,2026-08-02 13:43:04.600216
Four-Faith,Four-Faith F3x24 and F3x36,True,True,0,0.0,10,9,41,{},CVE-2024-12856,41458,2026-06-05 15:20:05.457443
Juniper,Junos OS Evolved on PTX Series,True,True,0,0.0,2,6,26,{},CVE-2026-21902,104,2026-06-23 15:15:52.041587
Riello UPS,Netman 2024,True,True,0,0.0,3,16,14,{},CVE-2024-8877,3497,2026-07-14 03:14:37.495781
Fortinet,FortiOS and FortiProxy,True,True,0,0.0,0,0,9,{},CVE-2024-21762,186,2026-01-10 02:09:33.574621
Ivanti,"Endpoint Manager Mobile (EPMM), formerly MobileIron Core",True,True,0,0.0,0,1,5,{},CVE-2026-1340,19,2026-08-07 13:18:09.672894
,nan,True,True,0,0.0,3,3,3,{},CVE-2026-35273,0,2026-07-14 03:14:37.501982
ASUS,ASUS RT series routers,True,True,0,0.0,0,0,1,{},CVE-2013-5948,52,2024-11-15 12:45:30.393265
QNAP,QNAP NAS devices running Photo Station,True,True,0,0.0,26,11,16,{},CVE-2022-27593,7769,2026-07-31 03:36:34.317002
FlowiseAI,Flowise,True,True,0,0.0,26,12,14,{},CVE-2024-8181,11182,2026-07-31 03:36:34.214693
Progress,Kemp LoadMaster,True,True,0,0.0,15,7,14,{},CVE-2024-1212,17838,2026-07-31 03:36:34.240966
Ivanti,"Ivanti Connect Secure, Policy Secure and ZTA",True,True,0,0.0,3,9,11,{},CVE-2024-22024,27491,2026-08-07 13:18:09.533924
Gradio,Gradio,True,True,0,0.0,1,7,25,{},CVE-2024-1561,35428,2026-08-07 13:18:09.430431
Sitecore,"Sitecore Experience Manager (XM), Experience Platform (XP), Experience",True,True,0,0.0,50,46,36,{},CVE-2024-46938,1374,2026-07-14 03:14:37.439107
CrushFTP,CrushFTP,True,True,0,0.0,69,77,56,{},CVE-2024-4040,18181,2026-07-14 03:14:37.670028
SolarWinds,SolarWinds Security Event Manager,True,True,0,0.0,4,7,23,{},CVE-2024-0692,2347,2026-07-31 03:36:34.296774
Totolink,Totolink A3300R,True,True,0,0.0,0,0,59,{},CVE-2024-24329,354,2025-05-14 12:52:06.374541
GLPI,GLPI,True,True,0,0.0,18,12,11,{},CVE-2021-39211,6746,2026-07-31 03:36:34.356937
becon,DATAGERRY,True,True,0,0.0,19,7,15,{},CVE-2024-50967,1520,2026-07-31 03:36:34.242642
Nacos,Nacos,True,True,0,0.0,19,7,47,{},CVE-2021-29442,15085,2026-07-31 03:36:34.360028
Dahua,Dahua EIMS,True,True,0,0.0,33,10,10,{},CVE-2024-13985,4369,2026-07-31 03:36:34.348951
Spring,Spring Cloud Netflix,True,True,0,0.0,39,62,54,{},CVE-2021-22053,40900,2026-07-31 03:36:34.149128
Progress,WhatsUp Gold,True,True,0,0.0,36,14,22,{},CVE-2024-6671,748,2026-07-31 03:36:34.294599
Uniview,Uniview ISC 2500-S,True,True,0,0.0,26,24,29,{},CVE-2024-0778,3093,2025-07-30 12:59:56.420884
NETGEAR,RAX43,True,True,0,0.0,67,23,23,{},CVE-2021-20166,32871,2026-08-02 13:43:04.654985
Palo Alto Networks,Palo Alto Networks Expedition,True,True,0,0.0,28,13,15,{},CVE-2024-9465,8005,2026-07-31 03:36:34.158410
Apache,Apache HTTP Server,True,True,0,0.0,43,76,57,{},CVE-2021-40438,50321,2026-08-02 13:43:04.618779
RaspAP,RaspAP,True,True,0,0.0,4,7,13,{},CVE-2021-33357,19873,2026-07-21 14:08:51.412821
Homebrew Computer Company,Jan,True,True,0,0.0,17,15,11,{},CVE-2024-36858,8166,2026-07-31 03:36:34.324245
Tuoshi/Dionlink,Tuoshi/Dionlink LT15D 4G Wi-Fi,True,True,0,0.0,9,6,19,{},CVE-2024-53944,25713,2026-07-04 03:48:57.322482
,nan,True,True,0,0.0,1,1,1,{},CVE-2026-48282,0,2026-07-14 03:14:37.666463
Arris,"Arris NVG443, NVG599, NVG589, NVG510 devices and Arris-derived BGW210, BGW320 devices",True,True,0,0.0,4,3,5,{},CVE-2022-31793,2737,2025-12-15 13:01:17.465730
dirk1983,chatgpt,True,True,0,0.0,14,9,27,{},CVE-2024-27564,5814,2026-07-31 03:36:34.236971
Cisco,Cisco SD-WAN Manager,True,True,0,0.0,0,129,129,{},CVE-2026-20128,677,2026-04-04 13:12:17.472560
Linear,eMerge E3-series,True,True,0,0.0,17,5,15,{},CVE-2022-38627,1424,2026-07-31 03:36:34.180851
Totolink,Totolink N600R,True,True,0,0.0,0,0,103,{},CVE-2022-28907,296,2025-10-12 12:45:43.494961
Icinga,Icinga Web 2,True,True,0,0.0,12,9,25,{},CVE-2022-24716,6176,2026-07-31 03:36:34.192909
WAVLINK,WAVLINK WN535K2 and WN535K3,True,True,0,0.0,54,22,23,{},CVE-2022-2488,63677,2026-08-02 13:43:04.661211
Wordpress,Wordpress RSVPMaker plugin,True,True,0,0.0,9,10,19,{},CVE-2022-1768,11026,2026-08-02 13:43:04.575929
WAVLINK,WAVLINK WN579X3,True,True,0,0.0,4,8,25,{},CVE-2022-31847,12572,2026-08-07 13:18:09.836517
Roxy-WI,Roxy-WI,True,True,0,0.0,67,22,22,{},CVE-2022-31161,4399,2026-08-02 13:43:04.555410
The Digital Craft,AtomCMS,True,True,0,0.0,53,21,29,{},CVE-2022-25487,21400,2026-08-02 13:43:04.662097
,nan,True,True,0,0.0,2,2,2,{},CVE-2026-4020,0,2026-07-14 03:14:37.679127
Spring,Spring Cloud Gateway,True,True,0,0.0,0,60,22,{},CVE-2022-22947,12500,2026-08-07 13:18:09.638752
benc-uk,KubeView,True,True,0,0.0,19,8,19,{},CVE-2022-45933,10248,2026-07-31 03:36:34.156428
Atlassian,JIRA Seraph,True,True,0,0.0,4,17,60,{},CVE-2022-0540,22080,2026-07-23 14:21:36.645181
GNU Operating System,GNU Inetutils (telnetd),True,True,0,0.0,115,115,115,{},CVE-2026-24061,0,2026-01-27 13:06:27.940483
Wordpress,Wordpress ARPrice Lite plugin,True,True,0,0.0,40,14,20,{},CVE-2022-0867,15192,2026-08-02 13:43:04.656147
Wordpress,Wordpress WooCommerce Dropshipping plugin,True,True,0,0.0,51,21,23,{},CVE-2022-3481,3713,2026-08-02 13:43:04.628387
fohrloop,fohrloop dash-uploader,True,True,0,0.0,8,8,8,{},CVE-2026-3836,9,2026-08-07 13:18:09.691546
,nan,True,True,0,0.0,2,2,2,{},CVE-2026-52813,0,2026-07-14 03:14:37.654254
Wordpress,Wordpress PhonePe Payment Solutions plugin,True,True,0,0.0,12,14,19,{},CVE-2022-45835,32551,2026-07-31 03:36:34.194096
,nan,True,True,0,0.0,1,1,1,{},CVE-2026-5027,0,2026-07-14 03:14:37.438282
Apache,Airflow,True,True,0,0.0,0,0,49,{},CVE-2022-24288,233,2025-09-07 12:44:00.604389
Hitachi Vantara,Pentaho Business Analytics Server,True,True,0,0.0,1158,428,244,{},CVE-2022-43939,58225,2026-07-31 03:36:34.353559
,nan,True,True,0,0.0,1,1,1,{},CVE-2026-20230,0,2026-07-14 03:14:37.500388
Wordpress,Wordpress Bestbooks plugin,True,True,0,0.0,34,17,20,{},CVE-2022-0827,14780,2026-08-02 13:43:04.565903
Dogtag,Dogtag - Certificate System,True,True,0,0.0,6,9,19,{},CVE-2022-2414,11074,2026-08-02 13:43:04.670227
,nan,True,True,0,0.0,6,6,6,{},CVE-2026-8037,0,2026-07-14 03:14:37.450930
Wordpress,Wordpress Advanced Booking Calendar plugin,True,True,0,0.0,11,12,10,{},CVE-2022-1006,1463,2026-07-31 03:36:34.305924
Ivanti,"Endpoint Manager Mobile (EPMM), formerly MobileIron Core",True,True,0,0.0,0,10617,3805,{},CVE-2026-1281,175040,2026-07-31 03:36:34.321058
H3C,H3C GR3200,True,True,0,0.0,4,22,23,{},CVE-2022-36509,13058,2026-07-21 14:08:51.357726
Schneider Electric,SpaceLogic C-Bus Home Controller (5200WHC2),True,True,0,0.0,63,22,23,{},CVE-2022-34753,14083,2026-08-02 13:43:04.505216
CuppaCMS,CuppaCMS,True,True,0,0.0,0,9,18,{},CVE-2022-25485,11004,2026-08-07 13:18:09.516720
Telos Alliance,Omnia MPX Node,True,True,0,0.0,19,10,35,{},CVE-2022-36642,12250,2026-07-31 03:36:34.225377
Wordpress,Wordpress Active Products Tables for WooCommerce,True,True,0,0.0,11,6,9,{},CVE-2022-1916,6578,2026-07-31 03:36:34.376857
Django,Django RasterField,True,True,0,0.0,4,14,13,{},CVE-2026-1207,67,2026-08-07 13:18:09.832579
Weaver,Weaver E-Office,True,True,0,0.0,42,20,11,{},CVE-2022-50993,158,2026-08-02 13:43:04.573918
UniSharp,Laravel Filemanager,True,True,0,0.0,0,0,3,{},CVE-2022-40734,144,2026-02-02 13:16:42.861080
Cockpit,Cockpit,True,True,0,0.0,9,23,23,{},CVE-2026-4631,66,2026-08-07 13:18:09.542846
Citrix,Citrix Session Recording,True,True,0,0.0,0,0,7,{},CVE-2023-6184,64,2025-10-20 02:05:45.118293
ZKTeco,"ZKTeco ZEM500-510-560-760, ZEM600-800, ZEM720, ZMM",True,True,0,0.0,4,4,3,{},CVE-2022-42953,1133,2026-05-18 15:49:28.802077
whyour,qinglong,True,True,0,0.0,100,69,69,{},CVE-2026-3965,1,2026-04-15 03:26:54.515929
Pascom,Pascom Cloud Phone System,True,True,0,0.0,26,13,17,{},CVE-2021-45967,15717,2026-07-31 03:36:34.207449
Four-Faith,Four-Faith F3x36,True,True,0,0.0,0,24,367,{},CVE-2024-9644,10129,2025-12-13 12:52:24.099051
ECOA,ECOA Building Automation System,True,True,0,0.0,8,10,20,{},CVE-2021-41293,11455,2026-08-02 13:43:04.664709
Ivanti,"Ivanti Connect Secure, Policy Secure and Ivanti Neurons for ZTA",True,True,0,0.0,6,40,23,{},CVE-2024-21893,47849,2026-07-31 03:36:34.282821
Grafana,Grafana,True,True,0,0.0,33,15,23,{},CVE-2021-39226,11797,2026-07-31 03:36:34.310890
Spring Boot Actuator Logview,Spring Boot Actuator Logview,True,True,0,0.0,70,74,66,{},CVE-2021-21234,35719,2026-07-31 03:36:34.189248
Tenda,Tenda AC18,True,True,0,0.0,0,19,19,{},CVE-2024-30891,12,2026-04-04 13:12:17.464500
Wordpress,BuddyPress plugin,True,True,0,0.0,4,14,19,{},CVE-2021-21389,36794,2026-07-21 14:08:51.294227
Emerson Dixell,XWEB-500,True,True,0,0.0,45,20,23,{},CVE-2021-45420,14503,2026-08-02 13:43:04.521447
Erudika,Scoold,True,True,0,0.0,15,14,10,{},CVE-2024-50334,920,2026-07-31 03:36:34.343695
F-Logic,DataCube3,True,True,0,0.0,0,0,80,{},CVE-2024-34854,376,2025-09-07 12:44:00.484046
Ruijie Networks,Ruijie RG-EW Series Routers,True,True,0,0.0,0,0,1,{},CVE-2021-43163,1093,2026-02-10 03:16:16.002856
QNAP,QNAP QTS and QuTS Hero,True,True,0,0.0,3289,3289,3086,{},CVE-2024-21899,187054,2026-07-21 14:08:51.357884
Appspace,Appspace,True,True,0,0.0,3,6,15,{},CVE-2021-27670,598,2026-07-23 14:21:36.708232
Node.js,Node.js,True,True,0,0.0,24,21,21,{},CVE-2021-21315,19270,2026-07-31 03:36:34.202364
Rebuild,Rebuild,True,True,0,0.0,0,0,17,{},CVE-2024-1021,473,2026-02-06 13:16:16.313041
MASA CMS,MASA CMS,True,True,0,0.0,36,12,16,{},CVE-2024-32640,10356,2026-08-02 13:43:04.669412
Palo Alto Networks,GlobalProtect,True,True,0,0.0,21,26,59,{},CVE-2024-3400,74566,2026-08-07 13:18:09.658456
UDP Technology,video camera firmware for multiple vendors,True,True,0,0.0,45,24,25,{},CVE-2021-33544,63445,2026-08-02 13:43:04.516061
Wordpress,Wordpress Woocommerce plugin,True,True,0,0.0,0,0,5,{},CVE-2021-32790,163,2025-11-25 12:56:15.481499
Gurock (Sembi),TestRail,True,True,0,0.0,59,13,38,{},CVE-2021-40875,2051,2026-07-31 03:36:34.330056
GitLab,GitLab CE/EE,True,True,0,0.0,0,33,14,{},CVE-2021-22214,2074,2026-08-07 13:18:09.637270
F-Logic,DataCube3,True,True,0,0.0,11,10,16,{},CVE-2024-31750,7301,2026-08-02 13:43:04.523027
GFI,Kerio Control,True,True,0,0.0,115,28,47,{},CVE-2024-52875,14744,2026-07-31 03:36:34.222828
NAKIVO,NAKIVO Backup & Replication,True,True,0,0.0,19,14,16,{},CVE-2024-48248,6173,2026-07-31 03:36:34.144184
Apache,OFBiz,True,True,0,0.0,1,1,1,{},CVE-2024-32113,2981,2025-04-15 12:50:19.614429
Grafana,Grafana,True,True,0,0.0,4,3,37,{},CVE-2021-43798,14578,2025-12-19 12:56:29.758555
LILIN,LILIN DVR,True,True,0,0.0,1096,733,277,{},CVE-2021-30168,28308,2026-07-14 03:14:37.652910
Wordpress,Wordpress Debug Tool plugin,True,True,0,0.0,0,0,7,{},CVE-2024-10586,87,2025-10-24 12:54:46.719501
GeoVision,GeoVision multiple EOL products,True,True,0,0.0,162,162,129,{},CVE-2024-11120,2311,2026-08-07 13:18:09.843623
Genexis,Genexis PLATINUM 4410,True,True,0,0.0,0,0,319,{},CVE-2021-29003,2990,2026-02-27 13:14:54.921608
Atlassian,Confluence,True,True,0,0.0,0,0,62,{},CVE-2024-21683,1077,2026-08-07 13:18:09.523416
Linksys,Linksys RE7000,True,True,0,0.0,6,8,13,{},CVE-2024-25852,5772,2026-07-21 14:08:51.226488
Yealink,Yealink Device Management (DM),True,True,0,0.0,10,7,15,{},CVE-2021-27561,6263,2026-07-31 03:36:34.191220
SAP,SCIMono,True,True,0,0.0,26,9,16,{},CVE-2021-21479,7412,2026-07-31 03:36:34.360989
CyberPanel,CyberPanel,True,True,0,0.0,0,6,5,{},CVE-2024-51567,4858,2026-07-21 14:08:51.343345
Netis,Netis MW5360,True,True,0,0.0,0,0,1297,{},CVE-2024-22729,7617,2024-09-26 12:45:15.493387
Hongdian,H8922,True,True,0,0.0,8,12,37,{},CVE-2021-28151,45118,2026-08-02 13:43:04.574373
Zyxel,Zyxel NAS326 and NAS542,True,True,0,0.0,1585,862,862,{},CVE-2024-29972,139,2026-07-21 14:08:51.398350
VMware,VMware NSX Manager XStream,True,True,0,0.0,18,11,13,{},CVE-2021-39144,11276,2026-07-31 03:36:34.376621
Totolink,Totolink LR1200GB,True,True,0,0.0,0,0,102,{},CVE-2024-0292,297,2025-10-12 12:45:43.469889
SolarWinds,SolarWinds Web Help Desk,True,True,0,0.0,0,0,7,{},CVE-2021-35232,33,2025-11-12 12:56:37.435318
Landray,Landray EKP,True,True,0,0.0,102,24,11,{},CVE-2024-11238,963,2026-08-02 13:43:04.623243
WyreStorm,WyreStorm Apollo VX20,True,True,0,0.0,17,6,12,{},CVE-2024-25735,17621,2026-07-31 03:36:34.212213
ABB,"ABB ASPECT-Enterprise on Linux, ABB NEXUS Series on Linux, ABB MATRIX Series on Linux",True,True,0,0.0,0,0,43,{},CVE-2024-6298,95,2025-05-04 12:46:29.885961
CyberPanel,CyberPanel,True,True,0,0.0,3,6,15,{},CVE-2024-32737,2417,2026-07-23 14:21:36.699732
IBM,IBM Operational Decision Manager,True,True,0,0.0,37,14,9,{},CVE-2024-22320,6848,2026-08-02 13:43:04.566414
Rejetto,Rejetto HTTP File Server,True,True,0,0.0,18,8,16,{},CVE-2024-23692,25429,2026-07-31 03:36:34.207921
OS4ED,openSIS-Classic Version,True,True,0,0.0,0,0,80,{},CVE-2024-51211,376,2025-09-07 12:44:00.591865
Node-RED,Node-RED-Dashboard,True,True,0,0.0,32,20,37,{},CVE-2021-3223,13224,2026-07-31 03:36:34.344413
Changsha SPON Communication Technology,SPON IP Network Broadcast System,True,True,0,0.0,5,5,3,{},CVE-2024-13982,43,2026-05-18 15:49:28.724312
Ivanti,Avalanche,True,True,0,0.0,9,7,15,{},CVE-2021-30497,8557,2026-07-31 03:36:34.347436
Qianxin,TianQing Management Center,True,True,0,0.0,0,0,14,{},CVE-2024-13984,28,2026-01-24 02:10:29.209038
Progress,Telerik Report Server,True,True,0,0.0,24,11,19,{},CVE-2024-4358,15314,2026-07-31 03:36:34.378791
Franklin Fueling Systems,Colibri Controller Module,True,True,0,0.0,4,6,12,{},CVE-2021-46417,5722,2026-07-21 14:08:51.226849
D-Link,D-Link DIR850,True,True,0,0.0,27,13,11,{},CVE-2021-46379,5289,2026-07-31 03:36:34.225846
Apereo,CAS,True,True,0,0.0,2,11,16,{},CVE-2021-42567,9530,2026-07-21 14:08:51.320943
Totolink,Totolink T10,True,True,0,0.0,5,3,3,{},CVE-2024-9001,304,2026-06-02 16:47:02.324800
Cleo,"Cleo Harmony, VLTrader and LexiCom",True,True,0,0.0,0,17,23,{},CVE-2024-50623,785,2026-07-04 03:48:57.107111
Squirrelly,Squirrelly,True,True,0,0.0,0,0,62,{},CVE-2021-32819,323,2025-09-07 12:44:00.625575
JetBrains,TeamCity,True,True,0,0.0,4,68,59,{},CVE-2024-27199,138212,2026-08-07 13:18:09.831393
Gradio,Gradio,True,True,0,0.0,11,11,23,{},CVE-2024-4325,7345,2026-08-02 13:43:04.503955
Homebrew Computer Company,Jan,True,True,0,0.0,21,14,9,{},CVE-2024-36857,7924,2026-07-31 03:36:34.305195
QNAP,"QNAP QTS, QuTSCloud, QuTS Hero",True,True,0,0.0,0,8,8,{},CVE-2024-27130,12,2024-09-01 12:01:11.467420
RAISECOM,"RAISECOM MSG1200, MSG2100E, MSG2200 and MSG2300",True,True,0,0.0,24,11,9,{},CVE-2024-7120,13724,2026-07-31 03:36:34.184028
PuneethReddyHC,PuneethReddyHC,True,True,0,0.0,41,19,22,{},CVE-2021-41649,14257,2026-08-02 13:43:04.527394
AfterLogic,AfterLogic Aurora/WebMail Pro,True,True,0,0.0,9,9,23,{},CVE-2021-26294,26018,2026-08-02 13:43:04.564778
SolarWinds,Serv-U,True,True,0,0.0,4,11,19,{},CVE-2021-35250,14633,2026-07-21 14:08:51.372272
ThoughtWorks,GoCD,True,True,0,0.0,0,18,9,{},CVE-2021-43287,4703,2026-08-02 13:43:04.529894
Adobe,ColdFusion,True,True,0,0.0,109,48,30,{},CVE-2021-21087,66996,2026-07-31 03:36:34.200846
Gerapy,Gerapy,False,False,0,,0,1,1,,CVE-2021-32849,0,2024-03-12 10:43:50.922692
Zyxel,Zyxel NBG2105,True,True,0,0.0,7,9,20,{},CVE-2021-3297,2388,2026-08-02 13:43:04.615851
FastAdmin,FastAdmin,True,True,0,0.0,1,8,8,{},CVE-2024-7928,4596,2026-07-14 03:14:37.677284
Totolink,Totolink A3300R,True,True,0,0.0,0,0,59,{},CVE-2024-24328,353,2025-05-14 12:52:06.399727
Laravel,Ignition,True,True,0,0.0,60,34,44,{},CVE-2021-3129,224190,2026-08-02 13:43:04.562864
SimpleHelp,SimpleHelp,True,True,0,0.0,0,0,9,{},CVE-2024-57727,39,2025-05-06 12:52:58.628769
Wordpress,Wordpress Automatic plugin,True,True,0,0.0,19,9,17,{},CVE-2024-27954,14620,2026-07-31 03:36:34.382066
Hitron Systems,Hitron Systems DVR,True,True,0,0.0,1,1,1,{},CVE-2024-22768,0,2026-04-15 03:26:54.390940
Guangzhou Yingke Electronic Technology,Ncast,True,True,0,0.0,4,7,9,{},CVE-2024-0305,18033,2026-08-07 13:18:09.841584
CyberPanel,CyberPanel,True,True,0,0.0,1,17,15,{},CVE-2024-32738,2645,2026-07-09 15:26:00.974492
Parsec Automation,TrackSYS,True,True,0,0.0,24,13,10,{},CVE-2024-6188,5273,2026-07-31 03:36:34.364456
Hikvision,Hikvision CSMP iSecure Center,True,True,0,0.0,2,2,2,{},CVE-2024-58274,0,2026-08-07 13:18:09.427464
VMware,vCenter,True,True,0,0.0,69,26,23,{},CVE-2021-21985,39856,2026-08-02 13:43:04.656582
Reprise,Reprise License Manager,True,True,0,0.0,14,10,10,{},CVE-2021-45422,846,2026-07-31 03:36:34.185473
Ruby Dragonfly,Ruby Dragonfly,True,True,0,0.0,14,6,19,{},CVE-2021-33564,9562,2026-07-31 03:36:34.213510
ipTIME,ipTIME A2004,True,True,0,0.0,29,13,11,{},CVE-2024-54764,697,2026-07-31 03:36:34.315540
metersphere,metersphere,True,True,0,0.0,4,12,19,{},CVE-2023-25573,10976,2026-07-21 14:08:51.354489
